episode,step,state,action,reward,phase
15,0,"(0, 0, 0, 0, 0, 0, 0, 0, 0, 0, 0, 0)",0,-0.0,0
15,1,"(0, 0, 0, 0, 0, 0, 0, 0, 0, 0, 0, 0)",0,-0.0,0
15,2,"(0, 0, 0, 0, 0, 0, 0, 0, 0, 0, 0, 0)",0,-0.0,0
15,3,"(0, 0, 0, 0, 0, 0, 0, 0, 0, 0, 0, 0)",0,-0.0,0
15,4,"(0, 0, 0, 0, 0, 0, 0, 0, 0, 0, 0, 0)",0,-0.0,0
15,5,"(0, 0, 0, 0, 0, 0, 0, 0, 0, 0, 0, 0)",0,-0.0,0
15,6,"(0, 0, 0, 0, 0, 0, 0, 0, 0, 0, 0, 0)",0,-0.0,0
15,7,"(0, 0, 0, 0, 0, 0, 0, 0, 0, 0, 0, 0)",0,-0.0,0
15,8,"(0, 0, 0, 0, 0, 0, 0, 0, 0, 0, 0, 0)",0,-0.0,0
15,9,"(0, 0, 0, 0, 0, 0, 0, 0, 0, 0, 0, 0)",0,-0.0,0
15,10,"(0, 0, 0, 0, 0, 0, 0, 0, 0, 0, 0, 0)",0,-0.0,0
15,11,"(0, 0, 0, 0, 0, 0, 0, 0, 0, 1, 0, 0)",0,-8.0,0
15,12,"(0, 0, 0, 0, 0, 0, 0, 0, 0, 1, 0, 0)",0,-18.0,0
15,13,"(0, 0, 0, 0, 0, 0, 0, 0, 0, 1, 0, 0)",0,-28.0,0
15,14,"(0, 0, 0, 0, 0, 0, 0, 0, 0, 1, 0, 0)",0,-38.0,0
15,15,"(0, 0, 0, 0, 0, 0, 0, 0, 0, 1, 0, 0)",2,-48.0,2
15,16,"(0, 0, 0, 0, 0, 0, 0, 0, 0, 1, 0, 0)",0,-58.0,0
15,17,"(0, 0, 0, 0, 0, 0, 0, 0, 0, 1, 0, 0)",2,-68.0,2
15,18,"(0, 0, 0, 0, 0, 0, 0, 0, 0, 1, 0, 0)",0,-78.0,0
15,19,"(0, 0, 0, 0, 0, 0, 0, 0, 0, 1, 0, 0)",2,-0.0,2
15,20,"(0, 0, 0, 0, 0, 0, 0, 0, 0, 0, 0, 0)",2,-0.0,2
15,21,"(0, 0, 0, 0, 0, 0, 0, 0, 0, 0, 0, 0)",0,-0.0,0
15,22,"(0, 0, 0, 0, 0, 0, 0, 0, 0, 0, 0, 0)",0,-0.0,0
15,23,"(0, 0, 0, 0, 0, 0, 0, 0, 0, 0, 0, 0)",0,-0.0,0
15,24,"(0, 0, 0, 0, 0, 0, 0, 0, 0, 0, 0, 0)",0,-0.0,0
15,25,"(0, 0, 0, 0, 0, 0, 0, 0, 0, 0, 0, 0)",0,-0.0,0
15,26,"(0, 0, 0, 0, 0, 0, 0, 0, 0, 0, 0, 0)",0,-0.0,0
15,27,"(0, 0, 0, 0, 0, 0, 0, 0, 0, 0, 0, 0)",0,-0.0,0
15,28,"(0, 0, 0, 0, 0, 0, 0, 0, 0, 0, 0, 0)",0,-0.0,0
15,29,"(0, 0, 0, 0, 0, 0, 0, 0, 0, 0, 0, 0)",0,-0.0,0
15,30,"(0, 0, 0, 0, 0, 0, 0, 0, 0, 0, 0, 0)",0,-0.0,0
15,31,"(0, 0, 0, 0, 0, 0, 0, 0, 0, 0, 0, 0)",0,-0.0,0
15,32,"(0, 0, 0, 0, 0, 0, 0, 0, 0, 0, 0, 0)",0,-0.0,0
15,33,"(0, 0, 0, 0, 0, 0, 0, 0, 0, 0, 0, 0)",0,-0.0,0
15,34,"(0, 0, 0, 0, 0, 0, 0, 0, 0, 0, 0, 0)",0,-0.0,0
15,35,"(0, 0, 0, 0, 0, 0, 0, 0, 0, 0, 0, 0)",0,-2.0,0
15,36,"(0, 0, 0, 1, 0, 0, 0, 0, 0, 0, 0, 0)",2,-12.0,2
15,37,"(0, 0, 0, 1, 0, 0, 0, 0, 0, 0, 0, 0)",0,-22.0,0
15,38,"(0, 0, 0, 1, 0, 0, 0, 0, 0, 0, 0, 0)",0,-32.0,0
15,39,"(0, 0, 0, 1, 0, 0, 0, 0, 0, 0, 0, 0)",0,-42.0,0
15,40,"(0, 0, 0, 1, 0, 0, 0, 0, 0, 0, 0, 0)",0,-52.0,0
15,41,"(0, 0, 0, 1, 0, 0, 0, 0, 0, 0, 0, 0)",0,-62.0,0
15,42,"(0, 0, 0, 1, 0, 0, 0, 0, 0, 0, 0, 0)",0,-72.0,0
15,43,"(0, 0, 0, 1, 0, 0, 0, 0, 0, 0, 0, 0)",0,-82.0,0
15,44,"(0, 0, 0, 1, 0, 0, 1, 0, 0, 0, 0, 0)",2,-97.0,2
15,45,"(0, 0, 0, 1, 0, 0, 1, 0, 0, 0, 0, 0)",2,-117.0,2
15,46,"(0, 0, 0, 1, 0, 0, 1, 0, 0, 0, 0, 0)",2,-137.0,2
15,47,"(0, 0, 0, 1, 0, 0, 1, 0, 0, 0, 0, 0)",2,-157.0,2
15,48,"(0, 0, 0, 1, 0, 0, 1, 0, 0, 0, 0, 0)",2,-177.0,2
15,49,"(0, 0, 0, 1, 0, 0, 1, 0, 0, 0, 0, 0)",2,-197.0,2
15,50,"(0, 0, 0, 1, 0, 0, 1, 0, 0, 0, 0, 0)",2,-220.0,2
15,51,"(0, 0, 0, 1, 0, 0, 2, 0, 0, 0, 0, 0)",2,-250.0,2
15,52,"(0, 0, 0, 1, 0, 0, 2, 0, 0, 0, 0, 0)",2,-280.0,2
15,53,"(0, 0, 0, 1, 0, 0, 2, 0, 0, 0, 0, 0)",2,-310.0,2
15,54,"(0, 0, 0, 1, 0, 0, 2, 0, 0, 0, 0, 0)",0,-198.0,0
15,55,"(0, 0, 0, 1, 0, 0, 1, 0, 0, 0, 0, 0)",2,-218.0,2
15,56,"(0, 0, 0, 1, 0, 0, 1, 0, 0, 0, 0, 0)",2,-238.0,2
15,57,"(0, 0, 0, 1, 0, 0, 1, 0, 0, 0, 0, 0)",2,-258.0,2
15,58,"(0, 0, 0, 1, 0, 0, 1, 0, 0, 0, 0, 0)",2,-278.0,2
15,59,"(0, 0, 0, 1, 0, 0, 1, 0, 0, 0, 0, 0)",2,-298.0,2
15,60,"(0, 0, 0, 1, 0, 0, 1, 0, 0, 0, 0, 0)",2,-318.0,2
15,61,"(0, 0, 0, 1, 0, 0, 1, 0, 0, 0, 0, 0)",0,-262.0,0
15,62,"(0, 0, 0, 1, 0, 0, 0, 0, 0, 0, 0, 0)",0,-272.0,0
15,63,"(0, 0, 0, 1, 0, 0, 0, 0, 0, 0, 0, 0)",0,-282.0,0
15,64,"(0, 0, 0, 1, 0, 0, 0, 0, 0, 0, 0, 0)",0,-292.0,0
15,65,"(0, 0, 0, 1, 0, 0, 0, 0, 0, 0, 0, 0)",0,-0.0,0
15,66,"(0, 0, 0, 0, 0, 0, 0, 0, 0, 0, 0, 1)",0,-0.0,0
15,67,"(0, 0, 0, 0, 0, 0, 0, 0, 0, 0, 0, 0)",2,-0.0,2
15,68,"(0, 0, 0, 0, 0, 0, 0, 0, 0, 0, 0, 0)",2,-0.0,2
15,69,"(0, 0, 0, 0, 0, 0, 0, 0, 0, 0, 0, 1)",2,-0.0,2
15,70,"(0, 0, 0, 0, 0, 0, 0, 0, 0, 0, 0, 0)",2,-0.0,2
15,71,"(0, 0, 0, 0, 0, 0, 0, 0, 0, 0, 0, 0)",2,-0.0,2
15,72,"(0, 0, 0, 0, 0, 0, 0, 0, 0, 0, 0, 0)",2,-0.0,2
15,73,"(0, 0, 0, 0, 0, 0, 0, 0, 0, 0, 0, 0)",2,-0.0,2
15,74,"(0, 0, 0, 0, 0, 0, 0, 0, 0, 0, 0, 0)",2,-0.0,2
15,75,"(0, 0, 0, 0, 0, 0, 0, 0, 0, 0, 0, 0)",2,-0.0,2
15,76,"(0, 0, 0, 0, 0, 0, 0, 0, 0, 0, 0, 0)",2,-0.0,2
15,77,"(0, 0, 0, 0, 0, 0, 0, 0, 0, 0, 0, 0)",2,-0.0,2
15,78,"(0, 0, 0, 0, 0, 0, 0, 0, 0, 0, 0, 0)",2,-0.0,2
15,79,"(0, 0, 0, 0, 0, 0, 0, 0, 0, 0, 0, 0)",2,-0.0,2
15,80,"(0, 0, 0, 0, 0, 0, 0, 0, 0, 0, 0, 0)",2,-0.0,2
15,81,"(0, 0, 0, 0, 0, 0, 0, 0, 0, 0, 0, 0)",2,-0.0,2
15,82,"(0, 0, 0, 0, 0, 0, 0, 0, 0, 0, 0, 0)",2,-0.0,2
15,83,"(0, 0, 0, 0, 0, 0, 0, 0, 0, 0, 0, 0)",2,-0.0,2
15,84,"(0, 0, 0, 0, 0, 0, 0, 0, 0, 0, 0, 0)",2,-0.0,2
15,85,"(0, 0, 0, 0, 0, 0, 0, 0, 0, 0, 0, 0)",2,-0.0,2
15,86,"(0, 0, 0, 0, 0, 0, 0, 0, 0, 0, 0, 0)",2,-0.0,2
15,87,"(0, 0, 0, 0, 0, 0, 0, 0, 0, 0, 0, 0)",2,-0.0,2
15,88,"(0, 0, 0, 0, 0, 0, 0, 0, 0, 0, 0, 0)",2,-0.0,2
15,89,"(0, 0, 0, 0, 0, 0, 0, 0, 0, 0, 0, 0)",0,-0.0,0
15,90,"(0, 0, 0, 0, 0, 0, 0, 0, 0, 0, 0, 0)",2,-0.0,2
15,91,"(0, 0, 0, 0, 0, 0, 0, 0, 0, 0, 0, 0)",2,-0.0,2
15,92,"(0, 0, 0, 0, 0, 0, 0, 0, 0, 0, 0, 0)",2,-0.0,2
15,93,"(0, 0, 0, 0, 0, 0, 0, 0, 0, 0, 0, 0)",2,-0.0,2
15,94,"(0, 0, 0, 0, 0, 0, 0, 0, 0, 0, 0, 0)",2,-0.0,2
15,95,"(0, 0, 0, 0, 0, 0, 0, 0, 0, 0, 0, 0)",2,-0.0,2
15,96,"(0, 0, 0, 0, 0, 0, 0, 0, 0, 0, 0, 0)",2,-6.0,2
15,97,"(0, 0, 0, 1, 0, 0, 0, 0, 0, 0, 0, 0)",2,-16.0,2
15,98,"(0, 0, 0, 1, 0, 0, 0, 0, 0, 0, 0, 0)",0,-26.0,0
15,99,"(0, 0, 0, 1, 0, 0, 0, 0, 0, 0, 0, 0)",0,-36.0,0
15,100,"(0, 0, 0, 1, 0, 0, 1, 0, 0, 0, 0, 0)",2,-50.0,2
15,101,"(0, 0, 0, 1, 0, 0, 1, 0, 0, 0, 0, 0)",2,-70.0,2
15,102,"(0, 0, 0, 1, 0, 0, 1, 0, 0, 0, 0, 0)",2,-90.0,2
15,103,"(0, 0, 0, 1, 0, 0, 1, 0, 0, 0, 0, 0)",2,-110.0,2
15,104,"(0, 0, 0, 1, 0, 0, 1, 0, 0, 0, 0, 0)",2,-130.0,2
15,105,"(0, 0, 0, 1, 0, 0, 1, 0, 0, 0, 0, 0)",2,-150.0,2
15,106,"(0, 0, 0, 1, 0, 0, 1, 0, 0, 0, 0, 0)",2,-177.0,2
15,107,"(0, 0, 1, 1, 0, 0, 1, 0, 0, 0, 0, 0)",2,-209.0,2
15,108,"(0, 0, 1, 1, 0, 0, 1, 0, 0, 0, 1, 0)",2,-237.0,2
15,109,"(0, 0, 1, 1, 0, 0, 1, 0, 0, 0, 0, 0)",2,-267.0,2
15,110,"(0, 0, 1, 1, 0, 0, 1, 0, 0, 0, 0, 0)",0,-193.0,0
15,111,"(0, 0, 1, 1, 0, 0, 0, 0, 0, 0, 0, 0)",0,-213.0,0
15,112,"(0, 0, 1, 1, 0, 0, 0, 0, 0, 0, 0, 0)",0,-233.0,0
15,113,"(0, 0, 1, 1, 0, 0, 0, 0, 0, 0, 0, 0)",2,-253.0,2
15,114,"(0, 0, 1, 1, 0, 0, 0, 0, 0, 0, 0, 0)",0,-273.0,0
15,115,"(0, 0, 1, 1, 0, 0, 0, 0, 0, 0, 0, 0)",0,-293.0,0
15,116,"(0, 0, 1, 1, 0, 0, 0, 0, 0, 0, 0, 0)",0,-313.0,0
15,117,"(0, 0, 1, 1, 0, 0, 0, 0, 0, 0, 0, 0)",0,-333.0,0
15,118,"(0, 0, 1, 1, 0, 0, 0, 0, 0, 0, 0, 0)",0,-353.0,0
15,119,"(0, 0, 1, 1, 0, 0, 0, 0, 0, 0, 0, 0)",2,-373.0,2
15,120,"(0, 0, 1, 1, 0, 0, 0, 0, 0, 0, 0, 0)",0,-393.0,0
15,121,"(0, 0, 1, 1, 0, 0, 0, 0, 0, 0, 0, 0)",0,-413.0,0
15,122,"(0, 0, 1, 1, 0, 0, 0, 0, 0, 0, 0, 0)",0,-433.0,0
15,123,"(0, 0, 1, 1, 0, 0, 0, 0, 0, 0, 0, 0)",0,-453.0,0
15,124,"(0, 0, 1, 1, 0, 0, 0, 0, 0, 0, 0, 0)",0,-473.0,0
15,125,"(0, 0, 1, 1, 0, 0, 0, 0, 0, 0, 0, 0)",2,-493.0,2
15,126,"(0, 0, 1, 1, 0, 0, 0, 0, 0, 0, 0, 0)",0,-207.0,0
15,127,"(0, 0, 1, 0, 0, 0, 0, 0, 0, 0, 0, 0)",0,-217.0,0
15,128,"(0, 0, 1, 0, 0, 0, 0, 0, 0, 0, 0, 0)",0,-227.0,0
15,129,"(0, 0, 1, 0, 0, 0, 0, 0, 0, 0, 0, 0)",0,-237.0,0
15,130,"(0, 0, 1, 0, 0, 0, 0, 0, 0, 0, 0, 0)",0,-247.0,0
15,131,"(0, 0, 1, 0, 0, 0, 0, 0, 0, 0, 0, 0)",0,-257.0,0
15,132,"(0, 0, 1, 0, 0, 0, 0, 0, 0, 0, 0, 0)",0,-267.0,0
15,133,"(0, 0, 1, 0, 0, 0, 0, 0, 0, 0, 0, 0)",0,-277.0,0
15,134,"(0, 0, 1, 0, 0, 0, 0, 0, 0, 0, 0, 0)",0,-287.0,0
15,135,"(0, 0, 1, 0, 0, 0, 0, 0, 0, 0, 0, 0)",0,-297.0,0
15,136,"(0, 0, 1, 0, 0, 0, 0, 0, 0, 0, 0, 0)",0,-6.0,0
15,137,"(0, 0, 1, 0, 0, 0, 0, 0, 0, 0, 0, 0)",0,-16.0,0
15,138,"(0, 0, 1, 0, 0, 0, 0, 0, 0, 0, 0, 0)",0,-26.0,0
15,139,"(0, 0, 1, 0, 0, 0, 0, 0, 0, 0, 0, 0)",0,-36.0,0
15,140,"(0, 0, 1, 0, 0, 0, 0, 0, 0, 0, 0, 0)",0,-46.0,0
15,141,"(0, 0, 1, 0, 0, 0, 0, 0, 0, 0, 0, 0)",0,-56.0,0
15,142,"(0, 0, 1, 0, 0, 0, 1, 0, 0, 0, 0, 0)",2,-72.0,2
15,143,"(0, 0, 1, 0, 0, 0, 1, 0, 0, 0, 0, 0)",2,-92.0,2
15,144,"(0, 0, 1, 0, 0, 0, 1, 0, 0, 0, 0, 0)",2,-112.0,2
15,145,"(0, 0, 1, 0, 0, 0, 1, 0, 0, 0, 0, 0)",2,-132.0,2
15,146,"(0, 0, 1, 0, 0, 0, 1, 0, 0, 0, 0, 0)",2,-152.0,2
15,147,"(0, 0, 1, 0, 0, 0, 1, 0, 0, 0, 0, 0)",2,-172.0,2
15,148,"(0, 0, 1, 0, 0, 0, 1, 0, 0, 0, 0, 0)",2,-192.0,2
15,149,"(0, 0, 1, 0, 0, 0, 1, 0, 0, 0, 0, 0)",2,-212.0,2
15,150,"(0, 0, 1, 0, 0, 0, 1, 0, 0, 0, 0, 0)",0,-146.0,0
15,151,"(0, 0, 1, 0, 0, 0, 0, 0, 0, 0, 0, 0)",0,-156.0,0
15,152,"(0, 0, 1, 0, 0, 0, 0, 0, 0, 0, 0, 0)",0,-166.0,0
15,153,"(0, 0, 1, 0, 0, 0, 0, 0, 0, 0, 0, 0)",0,-176.0,0
15,154,"(0, 0, 1, 0, 0, 0, 0, 0, 0, 0, 0, 0)",0,-186.0,0
15,155,"(0, 0, 1, 0, 0, 0, 0, 0, 0, 0, 0, 0)",0,-196.0,0
15,156,"(0, 0, 1, 0, 0, 0, 0, 0, 0, 0, 0, 0)",0,-207.0,0
15,157,"(0, 0, 1, 1, 0, 0, 0, 0, 0, 0, 0, 0)",0,-227.0,0
15,158,"(0, 0, 1, 1, 0, 0, 0, 0, 0, 0, 0, 0)",0,-247.0,0
15,159,"(0, 0, 1, 1, 0, 0, 0, 0, 0, 0, 0, 0)",0,-267.0,0
15,160,"(0, 0, 1, 1, 0, 0, 0, 0, 0, 0, 0, 0)",0,-287.0,0
15,161,"(0, 0, 1, 1, 0, 0, 0, 0, 0, 0, 0, 0)",0,-307.0,0
15,162,"(0, 0, 1, 1, 0, 0, 0, 0, 0, 0, 0, 0)",0,-327.0,0
15,163,"(0, 0, 1, 1, 0, 0, 0, 0, 0, 0, 0, 0)",0,-347.0,0
15,164,"(0, 0, 1, 1, 0, 0, 0, 0, 0, 0, 0, 0)",0,-367.0,0
15,165,"(0, 0, 1, 1, 0, 0, 0, 0, 0, 0, 0, 0)",0,-387.0,0
15,166,"(0, 0, 1, 1, 0, 0, 0, 0, 0, 0, 0, 0)",0,-101.0,0
15,167,"(0, 0, 0, 1, 0, 0, 0, 0, 0, 0, 0, 0)",0,-111.0,0
15,168,"(0, 0, 0, 1, 0, 0, 0, 0, 0, 0, 0, 0)",0,-121.0,0
15,169,"(0, 0, 0, 1, 0, 0, 0, 0, 0, 0, 0, 0)",0,-131.0,0
15,170,"(0, 0, 0, 1, 0, 0, 0, 0, 0, 0, 0, 0)",0,-141.0,0
15,171,"(0, 0, 0, 1, 0, 0, 0, 0, 0, 0, 0, 0)",0,-151.0,0
15,172,"(0, 0, 0, 1, 0, 0, 0, 0, 0, 0, 0, 0)",0,-161.0,0
15,173,"(0, 0, 0, 1, 0, 0, 0, 0, 0, 0, 0, 0)",0,-171.0,0
15,174,"(0, 0, 0, 1, 0, 0, 0, 0, 0, 0, 0, 0)",0,-181.0,0
15,175,"(0, 0, 0, 1, 0, 0, 0, 0, 0, 0, 0, 0)",0,-191.0,0
15,176,"(0, 0, 0, 1, 0, 0, 0, 0, 0, 0, 0, 0)",0,-201.0,0
15,177,"(0, 0, 0, 1, 0, 0, 0, 0, 0, 0, 0, 0)",0,-211.0,0
15,178,"(0, 0, 0, 1, 0, 0, 0, 0, 0, 0, 0, 0)",0,-221.0,0
15,179,"(0, 0, 0, 1, 0, 0, 0, 0, 0, 0, 0, 0)",0,-231.0,0
15,180,"(0, 0, 0, 1, 0, 0, 0, 0, 0, 0, 0, 0)",0,-241.0,0
15,181,"(0, 0, 0, 1, 0, 0, 0, 0, 0, 0, 0, 0)",0,-251.0,0
15,182,"(0, 0, 0, 1, 0, 0, 0, 0, 0, 0, 0, 0)",0,-261.0,0
15,183,"(0, 0, 0, 1, 0, 0, 0, 0, 0, 0, 0, 0)",0,-271.0,0
15,184,"(0, 0, 0, 1, 0, 0, 0, 0, 0, 0, 0, 0)",0,-281.0,0
15,185,"(0, 0, 0, 1, 0, 0, 0, 0, 0, 0, 0, 0)",0,-291.0,0
15,186,"(0, 0, 0, 1, 0, 0, 0, 0, 0, 0, 0, 0)",0,-0.0,0
15,187,"(0, 0, 0, 0, 0, 0, 0, 0, 0, 0, 0, 1)",2,-0.0,2
15,188,"(0, 0, 0, 0, 0, 0, 0, 0, 0, 0, 0, 0)",0,-0.0,0
15,189,"(0, 0, 0, 0, 0, 0, 0, 0, 0, 0, 0, 0)",0,-0.0,0
15,190,"(0, 0, 0, 0, 0, 0, 0, 0, 0, 0, 0, 0)",0,-0.0,0
15,191,"(0, 0, 0, 0, 0, 0, 0, 0, 0, 0, 0, 0)",0,-0.0,0
15,192,"(0, 0, 0, 0, 0, 0, 0, 0, 0, 0, 0, 0)",0,-0.0,0
15,193,"(0, 0, 0, 0, 0, 0, 0, 0, 0, 0, 0, 0)",0,-0.0,0
15,194,"(0, 0, 0, 0, 0, 0, 0, 0, 0, 0, 0, 0)",0,-0.0,0
15,195,"(0, 0, 0, 0, 0, 0, 0, 0, 0, 0, 0, 0)",0,-0.0,0
15,196,"(0, 0, 0, 0, 0, 0, 0, 0, 0, 0, 0, 0)",0,-0.0,0
15,197,"(0, 0, 0, 0, 0, 0, 0, 0, 0, 0, 0, 0)",2,-0.0,2
15,198,"(0, 0, 0, 0, 0, 0, 0, 0, 0, 0, 0, 0)",0,-0.0,0
15,199,"(0, 0, 0, 0, 0, 0, 0, 0, 0, 0, 0, 0)",0,-0.0,0
15,200,"(0, 0, 0, 0, 0, 0, 0, 0, 0, 0, 0, 0)",0,-0.0,0
15,201,"(0, 0, 0, 0, 0, 0, 0, 0, 0, 0, 0, 0)",2,-0.0,2
15,202,"(0, 0, 0, 0, 0, 0, 0, 0, 0, 0, 0, 0)",0,-0.0,0
15,203,"(0, 0, 0, 0, 0, 0, 0, 0, 0, 0, 0, 0)",0,-0.0,0
15,204,"(0, 0, 0, 0, 0, 0, 0, 0, 0, 0, 0, 0)",0,-0.0,0
15,205,"(0, 0, 0, 0, 0, 0, 0, 0, 0, 0, 0, 0)",0,-0.0,0
15,206,"(0, 0, 0, 0, 0, 0, 0, 0, 0, 0, 0, 0)",0,-0.0,0
15,207,"(0, 0, 0, 0, 0, 0, 0, 0, 0, 0, 0, 0)",0,-0.0,0
15,208,"(0, 0, 0, 0, 0, 0, 0, 0, 0, 0, 0, 0)",0,-0.0,0
15,209,"(0, 0, 0, 0, 0, 0, 0, 0, 0, 0, 0, 0)",0,-0.0,0
15,210,"(0, 0, 0, 0, 0, 0, 0, 0, 0, 0, 0, 0)",0,-0.0,0
15,211,"(0, 0, 0, 0, 0, 0, 0, 0, 0, 0, 0, 0)",0,-0.0,0
15,212,"(0, 0, 0, 0, 0, 0, 0, 0, 0, 0, 0, 0)",0,-0.0,0
15,213,"(0, 0, 0, 0, 0, 0, 0, 0, 0, 0, 0, 0)",0,-0.0,0
15,214,"(0, 0, 0, 0, 0, 0, 0, 0, 0, 0, 0, 0)",0,-0.0,0
15,215,"(0, 0, 0, 0, 0, 0, 0, 0, 0, 0, 0, 0)",0,-0.0,0
15,216,"(0, 0, 0, 0, 0, 0, 0, 0, 0, 0, 0, 0)",0,-0.0,0
15,217,"(0, 0, 0, 0, 0, 0, 0, 0, 0, 0, 0, 0)",0,-6.0,0
15,218,"(0, 0, 0, 1, 0, 0, 0, 0, 0, 0, 0, 0)",0,-16.0,0
15,219,"(0, 0, 0, 1, 0, 0, 0, 0, 0, 0, 0, 0)",0,-26.0,0
15,220,"(0, 0, 0, 1, 0, 0, 0, 0, 0, 0, 0, 1)",2,-36.0,2
15,221,"(0, 0, 0, 1, 0, 0, 0, 0, 0, 0, 0, 0)",0,-46.0,0
15,222,"(0, 0, 0, 1, 0, 0, 0, 0, 0, 0, 0, 0)",0,-56.0,0
15,223,"(0, 0, 0, 1, 0, 0, 0, 0, 0, 0, 0, 0)",0,-66.0,0
15,224,"(0, 0, 0, 1, 0, 0, 0, 0, 0, 0, 0, 0)",0,-76.0,0
15,225,"(0, 0, 0, 1, 0, 0, 0, 0, 0, 0, 0, 0)",0,-86.0,0
15,226,"(0, 0, 0, 1, 0, 0, 0, 0, 0, 0, 0, 0)",0,-96.0,0
15,227,"(0, 0, 0, 1, 0, 0, 0, 0, 0, 0, 0, 0)",0,-106.0,0
15,228,"(0, 0, 0, 1, 0, 0, 0, 0, 0, 0, 0, 0)",0,-116.0,0
15,229,"(0, 0, 0, 1, 0, 0, 0, 0, 0, 0, 0, 0)",0,-126.0,0
15,230,"(0, 0, 0, 1, 0, 0, 0, 0, 0, 0, 0, 0)",2,-136.0,2
15,231,"(0, 0, 0, 1, 0, 0, 0, 0, 0, 0, 0, 0)",0,-146.0,0
15,232,"(0, 0, 0, 1, 0, 0, 0, 0, 0, 0, 0, 0)",0,-156.0,0
15,233,"(0, 0, 0, 1, 0, 0, 0, 0, 0, 0, 0, 0)",0,-166.0,0
15,234,"(0, 0, 0, 1, 0, 0, 0, 0, 0, 0, 0, 0)",0,-176.0,0
15,235,"(0, 0, 0, 1, 0, 0, 0, 0, 0, 0, 0, 0)",0,-186.0,0
15,236,"(0, 0, 0, 1, 0, 0, 0, 0, 0, 0, 0, 0)",0,-196.0,0
15,237,"(0, 0, 0, 1, 0, 0, 0, 0, 0, 0, 0, 0)",0,-206.0,0
15,238,"(0, 0, 0, 1, 0, 0, 0, 0, 0, 0, 0, 0)",0,-216.0,0
15,239,"(0, 0, 0, 1, 0, 0, 0, 0, 0, 0, 0, 0)",0,-226.0,0
15,240,"(0, 0, 0, 1, 0, 0, 0, 0, 0, 0, 0, 0)",0,-236.0,0
15,241,"(0, 0, 0, 1, 0, 0, 0, 0, 0, 0, 0, 0)",0,-246.0,0
15,242,"(0, 0, 0, 1, 0, 0, 0, 0, 0, 0, 0, 0)",0,-256.0,0
15,243,"(0, 0, 0, 1, 0, 0, 0, 0, 0, 0, 0, 0)",0,-266.0,0
15,244,"(0, 0, 0, 1, 0, 0, 0, 0, 0, 0, 0, 0)",0,-276.0,0
15,245,"(0, 0, 0, 1, 0, 0, 0, 0, 0, 0, 0, 0)",0,-286.0,0
15,246,"(0, 0, 0, 1, 0, 0, 0, 0, 0, 0, 0, 0)",0,-296.0,0
15,247,"(0, 0, 0, 1, 0, 0, 0, 0, 0, 0, 0, 0)",2,-0.0,2
15,248,"(0, 0, 0, 0, 0, 0, 0, 0, 0, 0, 0, 0)",2,-0.0,2
15,249,"(0, 0, 0, 0, 0, 0, 0, 0, 0, 0, 0, 0)",0,-0.0,0
15,250,"(0, 0, 0, 0, 0, 0, 0, 0, 0, 0, 0, 0)",2,-0.0,2
15,251,"(0, 0, 0, 0, 0, 0, 0, 0, 0, 0, 0, 0)",2,-0.0,2
15,252,"(0, 0, 0, 0, 0, 0, 0, 0, 0, 0, 0, 0)",2,-0.0,2
15,253,"(0, 0, 0, 0, 0, 0, 0, 0, 0, 0, 0, 0)",2,-0.0,2
15,254,"(0, 0, 0, 0, 0, 0, 0, 0, 0, 0, 0, 0)",2,-0.0,2
15,255,"(0, 0, 0, 0, 0, 0, 0, 0, 0, 0, 0, 0)",2,-0.0,2
15,256,"(0, 0, 0, 0, 0, 0, 0, 0, 0, 0, 0, 0)",2,-0.0,2
15,257,"(0, 0, 0, 0, 0, 0, 0, 0, 0, 0, 0, 0)",2,-0.0,2
15,258,"(0, 0, 0, 0, 0, 0, 0, 0, 0, 0, 0, 0)",2,-0.0,2
15,259,"(0, 0, 0, 0, 0, 0, 0, 0, 0, 0, 0, 0)",2,-0.0,2
15,260,"(0, 0, 0, 0, 0, 0, 0, 0, 0, 0, 0, 0)",2,-0.0,2
15,261,"(0, 0, 0, 0, 0, 0, 0, 0, 0, 0, 0, 0)",2,-0.0,2
15,262,"(0, 0, 0, 0, 0, 0, 0, 0, 0, 0, 0, 0)",2,-0.0,2
15,263,"(0, 0, 0, 0, 0, 0, 0, 0, 0, 0, 0, 0)",2,-0.0,2
15,264,"(0, 0, 0, 0, 0, 0, 0, 0, 0, 0, 0, 0)",2,-0.0,2
15,265,"(0, 0, 0, 0, 0, 0, 1, 0, 0, 0, 0, 0)",2,-5.0,2
15,266,"(0, 0, 0, 0, 0, 0, 1, 0, 0, 0, 0, 0)",2,-15.0,2
15,267,"(0, 0, 0, 0, 0, 0, 1, 0, 0, 0, 0, 0)",2,-25.0,2
15,268,"(0, 0, 0, 0, 0, 0, 1, 0, 0, 0, 0, 0)",2,-35.0,2
15,269,"(0, 0, 0, 0, 0, 0, 1, 0, 0, 0, 0, 0)",2,-45.0,2
15,270,"(0, 0, 0, 0, 0, 0, 1, 0, 0, 0, 0, 0)",0,-55.0,0
15,271,"(0, 0, 0, 0, 0, 0, 1, 0, 0, 0, 0, 0)",2,-65.0,2
15,272,"(0, 0, 0, 0, 0, 0, 1, 0, 0, 0, 0, 0)",0,-0.0,0
15,273,"(0, 0, 0, 0, 0, 0, 0, 0, 0, 0, 0, 0)",2,-0.0,2
15,274,"(0, 0, 0, 0, 0, 0, 0, 0, 0, 0, 0, 0)",2,-0.0,2
15,275,"(0, 0, 0, 0, 0, 0, 0, 0, 0, 0, 0, 0)",2,-0.0,2
15,276,"(0, 0, 0, 0, 0, 0, 0, 0, 0, 0, 0, 0)",2,-0.0,2
15,277,"(0, 0, 0, 0, 0, 0, 0, 0, 0, 0, 0, 0)",2,-0.0,2
15,278,"(0, 0, 0, 0, 0, 0, 0, 0, 0, 0, 0, 0)",2,-9.0,2
15,279,"(0, 0, 0, 1, 0, 0, 0, 0, 0, 0, 0, 0)",2,-19.0,2
15,280,"(0, 0, 0, 1, 0, 0, 0, 0, 0, 0, 0, 0)",2,-29.0,2
15,281,"(0, 0, 0, 1, 0, 0, 0, 0, 0, 0, 0, 0)",2,-39.0,2
15,282,"(0, 0, 0, 1, 0, 0, 0, 0, 0, 0, 0, 0)",2,-49.0,2
15,283,"(0, 0, 0, 1, 0, 0, 0, 0, 0, 0, 0, 0)",2,-59.0,2
15,284,"(0, 0, 0, 1, 0, 0, 0, 0, 0, 0, 0, 0)",0,-69.0,0
15,285,"(0, 0, 0, 1, 0, 0, 0, 0, 0, 0, 0, 0)",2,-79.0,2
15,286,"(0, 0, 0, 1, 0, 0, 0, 0, 0, 0, 0, 0)",2,-89.0,2
15,287,"(0, 0, 0, 1, 0, 0, 0, 0, 0, 0, 0, 0)",2,-99.0,2
15,288,"(0, 0, 0, 1, 0, 0, 0, 0, 0, 0, 0, 0)",2,-109.0,2
15,289,"(0, 0, 0, 1, 0, 0, 0, 0, 0, 0, 0, 0)",2,-119.0,2
15,290,"(0, 0, 0, 1, 0, 0, 0, 0, 0, 0, 0, 0)",2,-129.0,2
15,291,"(0, 0, 0, 1, 0, 0, 0, 0, 0, 0, 0, 0)",2,-139.0,2
15,292,"(0, 0, 0, 1, 0, 0, 0, 0, 0, 0, 0, 0)",0,-149.0,0
15,293,"(0, 0, 0, 1, 0, 0, 0, 0, 0, 0, 0, 0)",2,-159.0,2
15,294,"(0, 0, 0, 1, 0, 0, 0, 0, 0, 0, 0, 0)",2,-169.0,2
15,295,"(0, 0, 0, 1, 0, 0, 0, 0, 0, 0, 0, 0)",2,-179.0,2
15,296,"(0, 0, 0, 1, 0, 0, 0, 0, 0, 0, 0, 0)",0,-189.0,0
15,297,"(0, 0, 0, 1, 0, 0, 0, 0, 0, 0, 0, 0)",2,-199.0,2
15,298,"(0, 0, 0, 1, 0, 0, 0, 0, 0, 0, 0, 0)",2,-216.0,2
15,299,"(0, 0, 1, 1, 0, 0, 0, 0, 0, 0, 0, 0)",0,-236.0,0
15,300,"(0, 0, 1, 1, 0, 0, 0, 0, 0, 0, 0, 0)",0,-256.0,0
15,301,"(0, 0, 1, 1, 0, 0, 0, 0, 0, 0, 0, 0)",0,-276.0,0
15,302,"(0, 0, 1, 1, 0, 0, 0, 0, 0, 0, 0, 0)",0,-296.0,0
15,303,"(0, 0, 1, 1, 0, 0, 0, 0, 0, 0, 0, 0)",0,-316.0,0
15,304,"(0, 0, 1, 1, 0, 0, 0, 0, 0, 0, 0, 0)",0,-336.0,0
15,305,"(0, 0, 1, 1, 0, 0, 0, 0, 0, 0, 0, 0)",0,-356.0,0
15,306,"(0, 0, 1, 1, 0, 0, 0, 0, 0, 0, 0, 0)",0,-376.0,0
15,307,"(0, 0, 1, 1, 0, 0, 0, 0, 0, 0, 0, 0)",0,-396.0,0
15,308,"(0, 0, 1, 1, 0, 0, 0, 0, 0, 0, 0, 0)",0,-107.0,0
15,309,"(0, 0, 1, 0, 0, 0, 0, 0, 0, 0, 0, 0)",0,-117.0,0
15,310,"(0, 0, 1, 0, 0, 0, 0, 0, 0, 0, 0, 0)",0,-127.0,0
15,311,"(0, 0, 1, 0, 0, 0, 0, 0, 0, 0, 0, 0)",0,-137.0,0
15,312,"(0, 0, 1, 0, 0, 0, 0, 0, 0, 0, 0, 0)",0,-147.0,0
15,313,"(0, 0, 1, 0, 0, 0, 0, 0, 0, 0, 0, 0)",0,-157.0,0
15,314,"(0, 0, 1, 0, 0, 0, 0, 0, 0, 0, 0, 0)",0,-167.0,0
15,315,"(0, 0, 1, 0, 0, 0, 0, 0, 0, 0, 0, 0)",0,-177.0,0
15,316,"(0, 0, 1, 0, 0, 0, 0, 0, 0, 0, 0, 0)",0,-187.0,0
15,317,"(0, 0, 1, 0, 0, 0, 0, 0, 0, 0, 0, 0)",0,-197.0,0
15,318,"(0, 0, 1, 0, 0, 0, 0, 0, 0, 0, 0, 0)",0,-207.0,0
15,319,"(0, 0, 1, 0, 0, 0, 0, 0, 0, 0, 0, 0)",0,-217.0,0
15,320,"(0, 0, 1, 0, 0, 0, 0, 0, 0, 0, 0, 0)",0,-227.0,0
15,321,"(0, 0, 1, 0, 0, 0, 0, 0, 0, 0, 0, 0)",0,-237.0,0
15,322,"(0, 0, 1, 0, 0, 0, 0, 0, 0, 0, 0, 0)",2,-247.0,2
15,323,"(0, 0, 1, 0, 0, 0, 0, 0, 0, 0, 0, 0)",0,-257.0,0
15,324,"(0, 0, 1, 0, 0, 0, 0, 0, 0, 0, 0, 0)",2,-267.0,2
15,325,"(0, 0, 1, 0, 0, 0, 0, 0, 0, 0, 0, 0)",0,-277.0,0
15,326,"(0, 0, 1, 0, 0, 0, 0, 0, 0, 0, 0, 0)",2,-287.0,2
15,327,"(0, 0, 1, 0, 0, 0, 0, 0, 0, 0, 0, 0)",0,-297.0,0
15,328,"(0, 0, 1, 0, 0, 0, 0, 0, 0, 0, 0, 0)",2,-0.0,2
15,329,"(0, 0, 0, 0, 0, 0, 0, 0, 0, 0, 0, 0)",0,-0.0,0
15,330,"(0, 0, 0, 0, 0, 0, 0, 0, 0, 0, 0, 0)",0,-0.0,0
15,331,"(0, 0, 0, 0, 0, 0, 0, 0, 0, 0, 0, 0)",0,-0.0,0
15,332,"(0, 0, 0, 0, 0, 0, 0, 0, 0, 0, 0, 0)",0,-0.0,0
15,333,"(0, 0, 0, 0, 0, 0, 0, 0, 0, 0, 0, 0)",0,-0.0,0
15,334,"(0, 0, 0, 0, 0, 0, 0, 0, 0, 0, 0, 0)",0,-0.0,0
15,335,"(0, 0, 0, 0, 0, 0, 0, 0, 0, 0, 0, 0)",0,-0.0,0
15,336,"(0, 0, 0, 0, 0, 0, 0, 0, 0, 0, 0, 0)",0,-0.0,0
15,337,"(0, 0, 0, 0, 0, 0, 0, 0, 0, 0, 0, 0)",0,-0.0,0
15,338,"(0, 0, 0, 0, 0, 0, 0, 0, 0, 0, 0, 0)",0,-4.0,0
15,339,"(0, 0, 0, 1, 0, 0, 0, 0, 0, 0, 0, 0)",0,-14.0,0
15,340,"(0, 0, 0, 1, 0, 0, 0, 0, 0, 0, 0, 0)",0,-24.0,0
15,341,"(0, 0, 0, 1, 0, 0, 0, 0, 0, 0, 0, 0)",0,-34.0,0
15,342,"(0, 0, 0, 1, 0, 0, 0, 0, 0, 0, 0, 0)",0,-44.0,0
15,343,"(0, 0, 0, 1, 0, 0, 0, 0, 0, 0, 0, 0)",0,-54.0,0
15,344,"(0, 0, 0, 1, 0, 0, 0, 0, 0, 0, 0, 0)",0,-64.0,0
15,345,"(0, 0, 0, 1, 0, 0, 0, 0, 0, 0, 0, 0)",0,-74.0,0
15,346,"(0, 0, 0, 1, 0, 0, 0, 0, 0, 0, 0, 0)",2,-84.0,2
15,347,"(0, 0, 0, 1, 0, 0, 0, 0, 0, 0, 0, 0)",0,-94.0,0
15,348,"(0, 0, 0, 1, 0, 0, 0, 0, 0, 0, 0, 0)",0,-104.0,0
15,349,"(0, 0, 0, 1, 0, 0, 0, 0, 0, 0, 0, 0)",0,-114.0,0
15,350,"(0, 0, 0, 1, 0, 0, 0, 0, 0, 0, 0, 0)",2,-124.0,2
15,351,"(0, 0, 0, 1, 0, 0, 0, 0, 0, 0, 0, 0)",0,-134.0,0
15,352,"(0, 0, 0, 1, 0, 0, 0, 0, 0, 0, 0, 0)",0,-144.0,0
15,353,"(0, 0, 0, 1, 0, 0, 0, 0, 0, 0, 0, 0)",0,-154.0,0
15,354,"(0, 0, 0, 1, 0, 0, 0, 0, 0, 0, 0, 0)",0,-164.0,0
15,355,"(0, 0, 0, 1, 0, 0, 0, 0, 0, 0, 0, 0)",0,-174.0,0
15,356,"(0, 0, 0, 1, 0, 0, 0, 0, 0, 0, 0, 0)",0,-184.0,0
15,357,"(0, 0, 0, 1, 0, 0, 0, 0, 0, 0, 0, 0)",0,-194.0,0
15,358,"(0, 0, 0, 1, 0, 0, 0, 0, 0, 0, 0, 0)",0,-204.0,0
15,359,"(0, 0, 0, 1, 0, 0, 0, 0, 0, 0, 0, 0)",0,-214.0,0
15,360,"(0, 0, 0, 1, 0, 0, 0, 0, 0, 0, 0, 0)",2,-224.0,2
15,361,"(0, 0, 0, 1, 0, 0, 0, 0, 0, 0, 0, 0)",0,-234.0,0
15,362,"(0, 0, 0, 1, 0, 0, 0, 0, 0, 0, 0, 0)",0,-244.0,0
15,363,"(0, 0, 0, 1, 0, 0, 0, 0, 0, 0, 0, 0)",2,-254.0,2
15,364,"(0, 0, 0, 1, 0, 0, 0, 0, 0, 0, 0, 0)",2,-264.0,2
15,365,"(0, 0, 0, 1, 0, 0, 0, 0, 0, 0, 0, 0)",0,-274.0,0
15,366,"(0, 0, 0, 1, 0, 0, 0, 0, 0, 0, 0, 0)",2,-284.0,2
15,367,"(0, 0, 0, 1, 0, 0, 0, 0, 0, 0, 0, 0)",0,-294.0,0
15,368,"(0, 0, 0, 1, 0, 0, 0, 0, 0, 0, 0, 0)",2,-0.0,2
15,369,"(0, 0, 0, 0, 0, 0, 0, 0, 0, 0, 0, 0)",2,-0.0,2
15,370,"(0, 0, 0, 0, 0, 0, 0, 0, 0, 0, 0, 0)",2,-0.0,2
15,371,"(0, 0, 0, 0, 0, 0, 0, 0, 0, 0, 0, 0)",2,-0.0,2
15,372,"(0, 0, 0, 0, 0, 0, 0, 0, 0, 0, 0, 0)",2,-0.0,2
15,373,"(0, 0, 0, 0, 0, 0, 0, 0, 0, 0, 0, 0)",2,-0.0,2
15,374,"(0, 0, 0, 0, 0, 0, 0, 0, 0, 0, 0, 0)",2,-0.0,2
15,375,"(0, 0, 0, 0, 0, 0, 0, 0, 0, 0, 0, 0)",2,-0.0,2
15,376,"(0, 0, 0, 0, 0, 0, 0, 0, 0, 0, 0, 0)",2,-0.0,2
15,377,"(0, 0, 0, 0, 0, 0, 0, 0, 0, 0, 0, 0)",2,-0.0,2
15,378,"(0, 0, 0, 0, 0, 0, 0, 0, 0, 0, 0, 0)",2,-0.0,2
15,379,"(0, 0, 0, 0, 0, 0, 0, 0, 0, 0, 0, 0)",2,-0.0,2
15,380,"(0, 0, 0, 0, 0, 0, 0, 0, 0, 0, 0, 0)",2,-0.0,2
15,381,"(0, 0, 0, 0, 0, 0, 0, 0, 0, 0, 0, 0)",2,-0.0,2
15,382,"(0, 0, 0, 0, 0, 0, 0, 0, 0, 0, 0, 0)",2,-0.0,2
15,383,"(0, 0, 0, 0, 0, 0, 0, 0, 0, 0, 0, 0)",2,-0.0,2
15,384,"(0, 0, 0, 0, 0, 0, 0, 0, 0, 0, 0, 0)",2,-0.0,2
15,385,"(0, 0, 0, 0, 0, 0, 0, 0, 0, 0, 0, 0)",2,-0.0,2
15,386,"(0, 0, 0, 0, 0, 0, 0, 0, 0, 0, 0, 0)",2,-0.0,2
15,387,"(0, 0, 0, 0, 0, 0, 0, 0, 0, 0, 0, 0)",2,-0.0,2
15,388,"(0, 0, 0, 0, 0, 0, 0, 0, 0, 0, 0, 0)",2,-0.0,2
15,389,"(0, 0, 0, 0, 0, 0, 0, 0, 0, 0, 0, 0)",2,-0.0,2
15,390,"(0, 0, 0, 0, 0, 0, 0, 0, 0, 0, 0, 0)",2,-0.0,2
15,391,"(0, 0, 0, 0, 0, 0, 0, 0, 0, 0, 0, 0)",2,-0.0,2
15,392,"(0, 0, 0, 0, 0, 0, 0, 0, 0, 0, 0, 0)",2,-0.0,2
15,393,"(0, 0, 0, 0, 0, 0, 0, 0, 0, 0, 0, 0)",2,-0.0,2
15,394,"(0, 0, 0, 0, 0, 0, 0, 0, 0, 0, 0, 0)",2,-0.0,2
15,395,"(0, 0, 0, 0, 0, 0, 0, 0, 0, 0, 0, 0)",2,-0.0,2
15,396,"(0, 0, 0, 0, 0, 0, 0, 0, 0, 0, 0, 0)",2,-0.0,2
15,397,"(0, 0, 0, 0, 0, 0, 0, 0, 0, 0, 0, 0)",2,-0.0,2
15,398,"(0, 0, 0, 0, 0, 0, 0, 0, 0, 0, 0, 0)",2,-0.0,2
15,399,"(0, 0, 0, 0, 0, 0, 0, 0, 0, 0, 0, 0)",2,-7.0,2
15,400,"(0, 0, 0, 1, 0, 0, 0, 0, 0, 0, 0, 0)",2,-17.0,2
15,401,"(0, 0, 0, 1, 0, 0, 0, 0, 0, 0, 0, 0)",2,-27.0,2
15,402,"(0, 0, 0, 1, 0, 0, 0, 0, 0, 0, 0, 0)",2,-37.0,2
15,403,"(0, 0, 0, 1, 0, 0, 0, 0, 0, 0, 0, 0)",2,-47.0,2
15,404,"(0, 0, 0, 1, 0, 0, 0, 0, 0, 0, 0, 0)",2,-57.0,2
15,405,"(0, 0, 0, 1, 0, 0, 0, 0, 0, 0, 0, 0)",2,-67.0,2
15,406,"(0, 0, 0, 1, 0, 0, 0, 0, 0, 0, 0, 0)",2,-77.0,2
15,407,"(0, 0, 0, 1, 0, 0, 0, 0, 0, 0, 0, 0)",2,-87.0,2
15,408,"(0, 0, 0, 1, 0, 0, 0, 0, 0, 0, 0, 0)",2,-97.0,2
15,409,"(0, 0, 0, 1, 0, 0, 0, 0, 0, 0, 0, 0)",2,-107.0,2
15,410,"(0, 0, 0, 1, 0, 0, 0, 0, 0, 0, 0, 0)",2,-117.0,2
15,411,"(0, 0, 0, 1, 0, 0, 0, 0, 0, 0, 0, 0)",2,-127.0,2
15,412,"(0, 0, 0, 1, 0, 0, 0, 0, 0, 0, 0, 0)",2,-137.0,2
15,413,"(0, 0, 0, 1, 0, 0, 0, 0, 0, 0, 0, 0)",2,-147.0,2
15,414,"(0, 0, 0, 1, 0, 0, 0, 0, 0, 0, 0, 0)",2,-157.0,2
15,415,"(0, 0, 0, 1, 0, 0, 0, 0, 0, 0, 0, 0)",2,-167.0,2
15,416,"(0, 0, 0, 1, 0, 0, 0, 0, 0, 0, 0, 0)",2,-177.0,2
15,417,"(0, 0, 0, 1, 0, 0, 0, 0, 0, 0, 0, 0)",2,-187.0,2
15,418,"(0, 0, 0, 1, 0, 0, 0, 0, 0, 0, 0, 0)",2,-197.0,2
15,419,"(0, 0, 0, 1, 0, 0, 0, 0, 0, 0, 0, 0)",2,-207.0,2
15,420,"(0, 0, 0, 1, 0, 0, 0, 0, 0, 0, 0, 0)",2,-217.0,2
15,421,"(0, 0, 0, 1, 0, 0, 0, 0, 0, 0, 0, 0)",2,-227.0,2
15,422,"(0, 0, 0, 1, 0, 0, 0, 0, 0, 0, 0, 0)",2,-237.0,2
15,423,"(0, 0, 0, 1, 0, 0, 0, 0, 0, 0, 0, 0)",2,-247.0,2
15,424,"(0, 0, 0, 1, 0, 0, 0, 0, 0, 0, 0, 0)",2,-257.0,2
15,425,"(0, 0, 0, 1, 0, 0, 0, 0, 0, 0, 0, 0)",2,-267.0,2
15,426,"(0, 0, 0, 1, 0, 0, 0, 0, 0, 0, 0, 0)",2,-277.0,2
15,427,"(0, 0, 0, 1, 0, 0, 0, 0, 0, 0, 0, 0)",2,-287.0,2
15,428,"(0, 0, 0, 1, 0, 0, 0, 0, 0, 0, 0, 0)",0,-297.0,0
15,429,"(0, 0, 0, 1, 0, 0, 0, 0, 0, 0, 0, 0)",2,-0.0,2
15,430,"(0, 0, 0, 0, 0, 0, 0, 0, 0, 0, 0, 0)",2,-0.0,2
15,431,"(0, 0, 0, 0, 0, 0, 0, 0, 0, 0, 0, 0)",2,-0.0,2
15,432,"(0, 0, 0, 0, 0, 0, 0, 0, 0, 0, 0, 0)",2,-0.0,2
15,433,"(0, 0, 0, 0, 0, 0, 0, 0, 0, 0, 0, 0)",2,-0.0,2
15,434,"(0, 0, 0, 0, 0, 0, 0, 0, 0, 0, 0, 0)",2,-0.0,2
15,435,"(0, 0, 0, 0, 0, 0, 0, 0, 0, 0, 0, 0)",2,-0.0,2
15,436,"(0, 0, 0, 0, 0, 0, 0, 0, 0, 0, 0, 0)",2,-0.0,2
15,437,"(0, 0, 0, 0, 0, 0, 0, 0, 0, 0, 0, 0)",2,-0.0,2
15,438,"(0, 0, 0, 0, 0, 0, 0, 0, 0, 0, 0, 0)",2,-0.0,2
15,439,"(0, 0, 0, 0, 0, 0, 0, 0, 0, 0, 0, 0)",2,-0.0,2
15,440,"(0, 0, 0, 0, 0, 0, 0, 0, 0, 0, 0, 0)",2,-0.0,2
15,441,"(0, 0, 0, 0, 0, 0, 0, 0, 0, 0, 0, 0)",2,-0.0,2
15,442,"(0, 0, 0, 0, 0, 0, 0, 0, 0, 0, 0, 0)",2,-0.0,2
15,443,"(0, 0, 0, 0, 0, 0, 0, 0, 0, 0, 0, 0)",2,-0.0,2
15,444,"(0, 0, 0, 0, 0, 0, 0, 0, 0, 0, 0, 0)",0,-0.0,0
15,445,"(0, 0, 0, 0, 0, 0, 0, 0, 0, 0, 0, 0)",2,-0.0,2
15,446,"(0, 0, 0, 0, 0, 0, 0, 0, 0, 0, 0, 0)",2,-0.0,2
15,447,"(0, 0, 0, 0, 0, 0, 0, 0, 0, 0, 0, 0)",2,-0.0,2
15,448,"(0, 0, 0, 0, 0, 0, 0, 0, 0, 0, 0, 0)",2,-0.0,2
15,449,"(0, 0, 0, 0, 0, 0, 0, 0, 0, 0, 0, 0)",2,-0.0,2
15,450,"(0, 0, 0, 0, 0, 0, 0, 0, 0, 0, 0, 0)",2,-0.0,2
15,451,"(0, 0, 0, 0, 0, 0, 0, 0, 0, 0, 0, 0)",2,-0.0,2
15,452,"(0, 0, 0, 0, 0, 0, 0, 0, 0, 0, 0, 0)",2,-0.0,2
15,453,"(0, 0, 0, 0, 0, 0, 0, 0, 0, 0, 0, 0)",2,-0.0,2
15,454,"(0, 0, 0, 0, 0, 0, 0, 0, 0, 0, 0, 0)",2,-0.0,2
15,455,"(0, 0, 0, 0, 0, 0, 0, 0, 0, 0, 0, 0)",2,-0.0,2
15,456,"(0, 0, 0, 0, 0, 0, 0, 0, 0, 0, 0, 0)",2,-0.0,2
15,457,"(0, 0, 0, 0, 0, 0, 0, 0, 0, 0, 0, 0)",2,-0.0,2
15,458,"(0, 0, 0, 0, 0, 0, 0, 0, 0, 0, 0, 0)",2,-0.0,2
15,459,"(0, 0, 0, 0, 0, 0, 0, 0, 0, 0, 0, 0)",2,-1.0,2
15,460,"(0, 0, 0, 1, 0, 0, 0, 0, 0, 0, 0, 0)",2,-11.0,2
15,461,"(0, 0, 0, 1, 0, 0, 0, 0, 0, 0, 0, 0)",2,-21.0,2
15,462,"(0, 0, 0, 1, 0, 0, 0, 0, 0, 0, 0, 0)",2,-31.0,2
15,463,"(0, 0, 0, 1, 0, 0, 0, 0, 0, 0, 0, 0)",2,-41.0,2
15,464,"(0, 0, 0, 1, 0, 0, 0, 0, 0, 0, 0, 0)",2,-51.0,2
15,465,"(0, 0, 0, 1, 0, 0, 0, 0, 0, 0, 0, 0)",2,-61.0,2
15,466,"(0, 0, 0, 1, 0, 0, 0, 0, 0, 0, 0, 0)",2,-71.0,2
15,467,"(0, 0, 0, 1, 0, 0, 0, 0, 0, 0, 0, 0)",2,-81.0,2
15,468,"(0, 0, 0, 1, 0, 0, 0, 0, 0, 0, 0, 0)",2,-91.0,2
15,469,"(0, 0, 0, 1, 0, 0, 0, 0, 0, 0, 0, 0)",2,-101.0,2
15,470,"(0, 0, 0, 1, 0, 0, 0, 0, 0, 0, 0, 0)",2,-111.0,2
15,471,"(0, 0, 0, 1, 0, 0, 0, 0, 0, 0, 0, 0)",2,-121.0,2
15,472,"(0, 0, 0, 1, 0, 0, 0, 0, 0, 0, 0, 0)",2,-131.0,2
15,473,"(0, 0, 0, 1, 0, 0, 0, 0, 0, 0, 0, 0)",2,-141.0,2
15,474,"(0, 0, 0, 1, 0, 0, 0, 0, 0, 0, 0, 0)",2,-151.0,2
15,475,"(0, 0, 0, 1, 0, 0, 0, 0, 0, 0, 0, 0)",2,-161.0,2
15,476,"(0, 0, 0, 1, 0, 0, 0, 0, 0, 0, 0, 0)",2,-171.0,2
15,477,"(0, 0, 0, 1, 0, 0, 0, 0, 0, 0, 0, 0)",2,-181.0,2
15,478,"(0, 0, 0, 1, 0, 0, 0, 0, 0, 0, 0, 0)",2,-191.0,2
15,479,"(0, 0, 0, 1, 0, 0, 0, 0, 0, 0, 0, 0)",2,-201.0,2
15,480,"(0, 0, 0, 1, 0, 0, 0, 0, 0, 0, 0, 0)",2,-211.0,2
15,481,"(0, 0, 0, 1, 0, 0, 0, 0, 0, 0, 0, 0)",2,-221.0,2
15,482,"(0, 0, 0, 1, 0, 0, 0, 0, 0, 0, 0, 0)",2,-231.0,2
15,483,"(0, 0, 0, 1, 0, 0, 0, 0, 0, 0, 0, 0)",2,-241.0,2
15,484,"(0, 0, 0, 1, 0, 0, 0, 0, 0, 0, 0, 0)",2,-251.0,2
15,485,"(0, 0, 0, 1, 0, 0, 0, 0, 0, 0, 0, 0)",2,-261.0,2
15,486,"(0, 0, 0, 1, 0, 0, 0, 0, 0, 0, 0, 0)",2,-271.0,2
15,487,"(0, 0, 0, 1, 0, 0, 0, 0, 0, 0, 0, 0)",2,-281.0,2
15,488,"(0, 0, 0, 1, 0, 0, 0, 0, 0, 0, 0, 0)",2,-291.0,2
15,489,"(0, 0, 0, 1, 0, 0, 0, 0, 0, 0, 0, 0)",0,-0.0,0
15,490,"(0, 0, 0, 0, 0, 0, 0, 0, 0, 0, 0, 1)",0,-0.0,0
15,491,"(0, 0, 0, 0, 0, 0, 0, 0, 0, 0, 0, 0)",2,-0.0,2
15,492,"(0, 0, 0, 0, 0, 0, 0, 0, 0, 0, 0, 0)",2,-0.0,2
15,493,"(0, 0, 0, 0, 0, 0, 0, 0, 0, 0, 0, 0)",2,-0.0,2
15,494,"(0, 0, 0, 0, 0, 0, 0, 0, 0, 0, 0, 0)",2,-0.0,2
15,495,"(0, 0, 0, 0, 0, 0, 0, 0, 0, 0, 0, 0)",2,-0.0,2
15,496,"(0, 0, 0, 0, 0, 0, 0, 0, 0, 0, 0, 0)",2,-0.0,2
15,497,"(0, 0, 0, 0, 0, 0, 0, 0, 0, 0, 0, 0)",2,-0.0,2
15,498,"(0, 0, 0, 0, 0, 0, 0, 0, 0, 0, 0, 0)",2,-0.0,2
15,499,"(0, 0, 0, 0, 0, 0, 0, 0, 0, 0, 0, 0)",2,-0.0,2
15,500,"(0, 0, 0, 0, 0, 0, 0, 0, 0, 0, 0, 0)",2,-0.0,2
15,501,"(0, 0, 0, 0, 0, 0, 0, 0, 0, 0, 0, 0)",2,-0.0,2
15,502,"(0, 0, 0, 0, 0, 0, 0, 0, 0, 0, 0, 0)",2,-0.0,2
15,503,"(0, 0, 0, 0, 0, 0, 0, 0, 0, 0, 0, 0)",2,-0.0,2
15,504,"(0, 0, 0, 0, 0, 0, 0, 0, 0, 0, 0, 0)",2,-0.0,2
15,505,"(0, 0, 0, 0, 0, 0, 0, 0, 0, 0, 0, 0)",2,-0.0,2
15,506,"(0, 0, 0, 0, 0, 0, 0, 0, 0, 0, 0, 0)",0,-0.0,0
15,507,"(0, 0, 0, 0, 0, 0, 0, 0, 0, 0, 0, 0)",2,-0.0,2
15,508,"(0, 0, 0, 0, 0, 0, 0, 0, 0, 0, 0, 0)",2,-0.0,2
15,509,"(0, 0, 0, 0, 0, 0, 0, 0, 0, 0, 0, 0)",2,-0.0,2
15,510,"(0, 0, 0, 0, 0, 0, 0, 0, 0, 0, 0, 0)",2,-0.0,2
15,511,"(0, 0, 0, 0, 0, 0, 0, 0, 0, 0, 0, 0)",2,-0.0,2
15,512,"(0, 0, 0, 0, 0, 0, 0, 0, 0, 0, 0, 0)",2,-0.0,2
15,513,"(0, 0, 0, 0, 0, 0, 0, 0, 0, 0, 0, 0)",2,-0.0,2
15,514,"(0, 0, 0, 0, 0, 0, 0, 0, 0, 0, 0, 0)",2,-0.0,2
15,515,"(0, 0, 0, 0, 0, 0, 0, 0, 0, 0, 0, 0)",2,-0.0,2
15,516,"(0, 0, 0, 0, 0, 0, 0, 0, 0, 0, 0, 0)",2,-0.0,2
15,517,"(0, 0, 0, 0, 0, 0, 0, 0, 0, 0, 0, 0)",2,-0.0,2
15,518,"(0, 0, 0, 0, 0, 0, 0, 0, 0, 0, 0, 0)",2,-0.0,2
15,519,"(0, 0, 0, 0, 0, 0, 0, 0, 0, 0, 0, 0)",2,-0.0,2
15,520,"(0, 0, 0, 0, 0, 0, 0, 0, 0, 0, 0, 0)",2,-5.0,2
15,521,"(0, 0, 0, 1, 0, 0, 0, 0, 0, 0, 0, 0)",0,-15.0,0
15,522,"(0, 0, 0, 1, 0, 0, 0, 0, 0, 0, 0, 0)",0,-25.0,0
15,523,"(0, 0, 0, 1, 0, 0, 0, 0, 0, 0, 0, 0)",0,-35.0,0
15,524,"(0, 0, 0, 1, 0, 0, 0, 0, 0, 0, 0, 0)",2,-45.0,2
15,525,"(0, 0, 0, 1, 0, 0, 0, 0, 0, 0, 0, 0)",0,-55.0,0
15,526,"(0, 0, 0, 1, 0, 0, 0, 0, 0, 0, 0, 0)",0,-65.0,0
15,527,"(0, 0, 0, 1, 0, 0, 0, 0, 0, 0, 0, 0)",0,-75.0,0
15,528,"(0, 0, 0, 1, 0, 0, 0, 0, 0, 0, 0, 0)",0,-85.0,0
15,529,"(0, 0, 0, 1, 0, 0, 0, 0, 0, 0, 0, 0)",0,-95.0,0
15,530,"(0, 0, 0, 1, 0, 0, 0, 0, 0, 0, 0, 0)",0,-105.0,0
15,531,"(0, 0, 0, 1, 0, 0, 0, 0, 0, 0, 0, 0)",0,-115.0,0
15,532,"(0, 0, 0, 1, 0, 0, 0, 0, 0, 0, 0, 0)",0,-125.0,0
15,533,"(0, 0, 0, 1, 0, 0, 0, 0, 0, 0, 0, 0)",2,-135.0,2
15,534,"(0, 0, 0, 1, 0, 0, 0, 0, 0, 0, 0, 0)",0,-145.0,0
15,535,"(0, 0, 0, 1, 0, 0, 0, 0, 0, 0, 0, 0)",0,-155.0,0
15,536,"(0, 0, 0, 1, 0, 0, 0, 0, 0, 0, 0, 0)",0,-165.0,0
15,537,"(0, 0, 0, 1, 0, 0, 0, 0, 0, 0, 0, 0)",2,-175.0,2
15,538,"(0, 0, 0, 1, 0, 0, 0, 0, 0, 0, 0, 0)",0,-185.0,0
15,539,"(0, 0, 0, 1, 0, 0, 0, 0, 0, 0, 0, 0)",0,-195.0,0
15,540,"(0, 0, 0, 1, 0, 0, 0, 0, 0, 0, 0, 0)",0,-205.0,0
15,541,"(0, 0, 0, 1, 0, 0, 0, 0, 0, 0, 0, 0)",0,-215.0,0
15,542,"(0, 0, 0, 1, 0, 0, 0, 0, 0, 0, 0, 0)",0,-225.0,0
15,543,"(0, 0, 0, 1, 0, 0, 0, 0, 0, 0, 0, 0)",2,-235.0,2
15,544,"(0, 0, 0, 1, 0, 0, 0, 0, 0, 0, 0, 0)",0,-245.0,0
15,545,"(0, 0, 0, 1, 0, 0, 0, 0, 0, 0, 0, 0)",0,-255.0,0
15,546,"(0, 0, 0, 1, 0, 0, 0, 0, 0, 0, 0, 0)",0,-265.0,0
15,547,"(0, 0, 0, 1, 0, 0, 0, 0, 0, 0, 0, 0)",0,-275.0,0
15,548,"(0, 0, 0, 1, 0, 0, 0, 0, 0, 0, 0, 0)",0,-285.0,0
15,549,"(0, 0, 0, 1, 0, 0, 0, 0, 0, 0, 0, 0)",2,-295.0,2
15,550,"(0, 0, 0, 1, 0, 0, 0, 0, 0, 0, 0, 0)",0,-0.0,0
15,551,"(0, 0, 0, 0, 0, 0, 0, 0, 0, 0, 0, 0)",2,-0.0,2
15,552,"(0, 0, 0, 0, 0, 0, 0, 0, 0, 0, 0, 0)",0,-0.0,0
15,553,"(0, 0, 0, 0, 0, 0, 0, 0, 0, 0, 0, 0)",0,-0.0,0
15,554,"(0, 0, 0, 0, 0, 0, 0, 0, 0, 0, 0, 0)",2,-0.0,2
15,555,"(0, 0, 0, 0, 0, 0, 0, 0, 0, 0, 0, 0)",2,-0.0,2
15,556,"(0, 0, 0, 0, 0, 0, 0, 0, 0, 0, 0, 0)",2,-0.0,2
15,557,"(0, 0, 0, 0, 0, 0, 0, 0, 0, 0, 0, 0)",2,-0.0,2
15,558,"(0, 0, 0, 0, 0, 0, 0, 0, 0, 0, 0, 0)",2,-0.0,2
15,559,"(0, 0, 0, 0, 0, 0, 0, 0, 0, 0, 0, 0)",2,-0.0,2
15,560,"(0, 0, 0, 0, 0, 0, 0, 0, 0, 0, 0, 0)",2,-0.0,2
15,561,"(0, 0, 0, 0, 0, 0, 0, 0, 0, 0, 0, 0)",2,-0.0,2
15,562,"(0, 0, 0, 0, 0, 0, 0, 0, 0, 0, 0, 0)",2,-0.0,2
15,563,"(0, 0, 0, 0, 0, 0, 0, 0, 0, 0, 0, 0)",2,-0.0,2
15,564,"(0, 0, 0, 0, 0, 0, 0, 0, 0, 0, 0, 0)",2,-0.0,2
15,565,"(0, 0, 0, 0, 0, 0, 0, 0, 0, 0, 0, 0)",2,-0.0,2
15,566,"(0, 0, 0, 0, 0, 0, 0, 0, 0, 0, 0, 0)",2,-0.0,2
15,567,"(0, 0, 0, 0, 0, 0, 0, 0, 0, 0, 0, 0)",2,-0.0,2
15,568,"(0, 0, 0, 0, 0, 0, 0, 0, 0, 0, 0, 0)",2,-0.0,2
15,569,"(0, 0, 0, 0, 0, 0, 0, 0, 0, 0, 0, 0)",2,-0.0,2
15,570,"(0, 0, 0, 0, 0, 0, 0, 0, 0, 0, 0, 0)",0,-0.0,0
15,571,"(0, 0, 0, 0, 0, 0, 0, 0, 0, 0, 0, 0)",2,-0.0,2
15,572,"(0, 0, 0, 0, 0, 0, 0, 0, 0, 0, 0, 0)",2,-0.0,2
15,573,"(0, 0, 0, 0, 0, 0, 0, 0, 0, 0, 0, 0)",2,-0.0,2
15,574,"(0, 0, 0, 0, 0, 0, 0, 0, 0, 0, 0, 0)",2,-0.0,2
15,575,"(0, 0, 0, 0, 0, 0, 0, 0, 0, 0, 0, 0)",2,-0.0,2
15,576,"(0, 0, 0, 0, 0, 0, 0, 0, 0, 0, 0, 0)",2,-0.0,2
15,577,"(0, 0, 0, 0, 0, 0, 0, 0, 0, 0, 0, 0)",2,-0.0,2
15,578,"(0, 0, 0, 0, 0, 0, 0, 0, 0, 0, 0, 0)",2,-0.0,2
15,579,"(0, 0, 0, 0, 0, 0, 0, 0, 0, 0, 0, 0)",2,-0.0,2
15,580,"(0, 0, 0, 0, 0, 0, 0, 0, 0, 0, 0, 0)",2,-0.0,2
15,581,"(0, 0, 0, 0, 0, 0, 0, 0, 0, 0, 0, 0)",2,-8.0,2
15,582,"(0, 0, 0, 1, 0, 0, 0, 0, 0, 0, 0, 0)",0,-18.0,0
15,583,"(0, 0, 0, 1, 0, 0, 0, 0, 0, 0, 0, 0)",0,-28.0,0
15,584,"(0, 0, 0, 1, 0, 0, 0, 0, 0, 0, 0, 0)",0,-38.0,0
15,585,"(0, 0, 0, 1, 0, 0, 0, 0, 0, 0, 0, 0)",0,-48.0,0
15,586,"(0, 0, 0, 1, 0, 0, 0, 0, 0, 0, 0, 0)",0,-58.0,0
15,587,"(0, 0, 0, 1, 0, 0, 0, 0, 0, 0, 0, 0)",0,-68.0,0
15,588,"(0, 0, 0, 1, 0, 0, 0, 0, 0, 0, 0, 0)",0,-78.0,0
15,589,"(0, 0, 0, 1, 0, 0, 0, 0, 0, 0, 0, 0)",0,-88.0,0
15,590,"(0, 0, 0, 1, 0, 0, 0, 0, 0, 0, 0, 0)",0,-98.0,0
15,591,"(0, 0, 0, 1, 0, 0, 0, 0, 0, 0, 0, 0)",0,-108.0,0
15,592,"(0, 0, 0, 1, 0, 0, 0, 0, 0, 0, 0, 0)",2,-118.0,2
15,593,"(0, 0, 0, 1, 0, 0, 0, 0, 0, 0, 0, 0)",0,-128.0,0
15,594,"(0, 0, 0, 1, 0, 0, 0, 0, 0, 0, 0, 0)",0,-138.0,0
15,595,"(0, 0, 0, 1, 0, 0, 0, 0, 0, 0, 0, 0)",0,-148.0,0
15,596,"(0, 0, 0, 1, 0, 0, 0, 0, 0, 0, 0, 0)",0,-158.0,0
15,597,"(0, 0, 0, 1, 0, 0, 0, 0, 0, 0, 0, 0)",0,-168.0,0
15,598,"(0, 0, 0, 1, 0, 0, 0, 0, 0, 0, 0, 0)",0,-178.0,0
15,599,"(0, 0, 0, 1, 0, 0, 0, 0, 0, 0, 0, 0)",0,-188.0,0
15,600,"(0, 0, 0, 1, 0, 0, 0, 0, 0, 0, 0, 0)",0,-198.0,0
15,601,"(0, 0, 0, 1, 0, 0, 0, 0, 0, 0, 0, 0)",0,-208.0,0
15,602,"(0, 0, 0, 1, 0, 0, 0, 0, 0, 0, 0, 0)",0,-218.0,0
15,603,"(0, 0, 0, 1, 0, 0, 0, 0, 0, 0, 0, 0)",0,-228.0,0
15,604,"(0, 0, 0, 1, 0, 0, 0, 0, 0, 0, 0, 0)",0,-238.0,0
15,605,"(0, 0, 0, 1, 0, 0, 0, 0, 0, 0, 0, 0)",0,-248.0,0
15,606,"(0, 0, 0, 1, 0, 0, 0, 0, 0, 0, 0, 0)",0,-258.0,0
15,607,"(0, 0, 0, 1, 0, 0, 0, 0, 0, 0, 0, 0)",0,-268.0,0
15,608,"(0, 0, 0, 1, 0, 0, 0, 0, 0, 0, 0, 0)",0,-278.0,0
15,609,"(0, 0, 0, 1, 0, 0, 0, 0, 0, 0, 0, 0)",2,-288.0,2
15,610,"(0, 0, 0, 1, 0, 0, 0, 0, 0, 0, 0, 0)",0,-298.0,0
15,611,"(0, 0, 0, 1, 0, 0, 0, 0, 0, 0, 0, 0)",2,-0.0,2
15,612,"(0, 0, 0, 0, 0, 0, 0, 0, 0, 0, 0, 0)",0,-0.0,0
15,613,"(0, 0, 0, 0, 0, 0, 0, 0, 0, 0, 0, 0)",0,-0.0,0
15,614,"(0, 0, 0, 0, 0, 0, 0, 0, 0, 0, 0, 0)",0,-0.0,0
15,615,"(0, 0, 0, 0, 0, 0, 0, 0, 0, 0, 0, 0)",0,-0.0,0
15,616,"(0, 0, 0, 0, 0, 0, 0, 0, 0, 0, 0, 0)",0,-0.0,0
15,617,"(0, 0, 0, 0, 0, 0, 0, 0, 0, 0, 0, 0)",0,-0.0,0
15,618,"(0, 0, 0, 0, 0, 0, 0, 0, 0, 0, 0, 0)",2,-0.0,2
15,619,"(0, 0, 0, 0, 0, 0, 0, 0, 0, 0, 0, 0)",0,-0.0,0
15,620,"(0, 0, 0, 0, 0, 0, 0, 0, 0, 0, 0, 0)",0,-0.0,0
15,621,"(0, 0, 0, 0, 0, 0, 0, 0, 0, 0, 0, 0)",0,-0.0,0
15,622,"(0, 0, 0, 0, 0, 0, 0, 0, 0, 0, 0, 0)",0,-0.0,0
15,623,"(0, 0, 0, 0, 0, 0, 0, 0, 0, 0, 0, 0)",0,-0.0,0
15,624,"(0, 0, 0, 0, 0, 0, 0, 0, 0, 0, 0, 0)",0,-0.0,0
15,625,"(0, 0, 0, 0, 0, 0, 0, 0, 0, 0, 0, 0)",2,-0.0,2
15,626,"(0, 0, 0, 0, 0, 0, 0, 0, 0, 0, 0, 0)",0,-0.0,0
15,627,"(0, 0, 0, 0, 0, 0, 0, 0, 0, 0, 0, 0)",0,-0.0,0
15,628,"(0, 0, 0, 0, 0, 0, 0, 0, 0, 0, 0, 0)",0,-0.0,0
15,629,"(0, 0, 0, 0, 0, 0, 0, 0, 0, 0, 0, 0)",0,-0.0,0
15,630,"(0, 0, 0, 0, 0, 0, 0, 0, 0, 0, 0, 0)",0,-0.0,0
15,631,"(0, 0, 0, 0, 0, 0, 0, 0, 0, 0, 0, 0)",0,-0.0,0
15,632,"(0, 0, 0, 0, 0, 0, 0, 0, 0, 0, 0, 0)",2,-0.0,2
15,633,"(0, 0, 0, 0, 0, 0, 0, 0, 0, 0, 0, 0)",0,-0.0,0
15,634,"(0, 0, 0, 0, 0, 0, 0, 0, 0, 0, 0, 0)",0,-0.0,0
15,635,"(0, 0, 0, 0, 0, 0, 0, 0, 0, 0, 0, 0)",0,-0.0,0
15,636,"(0, 0, 0, 0, 0, 0, 0, 0, 0, 0, 0, 0)",0,-0.0,0
15,637,"(0, 0, 0, 0, 0, 0, 0, 0, 0, 0, 0, 0)",0,-0.0,0
15,638,"(0, 0, 0, 0, 0, 0, 0, 0, 0, 0, 0, 0)",0,-0.0,0
15,639,"(0, 0, 0, 0, 0, 0, 0, 0, 0, 0, 0, 0)",0,-0.0,0
15,640,"(0, 0, 0, 0, 0, 0, 0, 0, 0, 0, 0, 0)",0,-0.0,0
15,641,"(0, 0, 0, 0, 0, 0, 0, 0, 0, 0, 0, 0)",2,-3.0,2
15,642,"(0, 0, 0, 1, 0, 0, 0, 0, 0, 0, 0, 0)",2,-13.0,2
15,643,"(0, 0, 0, 1, 0, 0, 0, 0, 0, 0, 0, 0)",0,-23.0,0
15,644,"(0, 0, 0, 1, 0, 0, 0, 0, 0, 0, 0, 0)",2,-33.0,2
15,645,"(0, 0, 0, 1, 0, 0, 0, 0, 0, 0, 0, 0)",2,-43.0,2
15,646,"(0, 0, 0, 1, 0, 0, 0, 0, 0, 0, 0, 0)",2,-53.0,2
15,647,"(0, 0, 0, 1, 0, 0, 0, 0, 0, 0, 0, 0)",2,-63.0,2
15,648,"(0, 0, 0, 1, 0, 0, 0, 0, 0, 0, 0, 0)",2,-73.0,2
15,649,"(0, 0, 0, 1, 0, 0, 0, 0, 0, 0, 0, 0)",2,-83.0,2
15,650,"(0, 0, 0, 1, 0, 0, 0, 0, 0, 0, 0, 0)",2,-93.0,2
15,651,"(0, 0, 0, 1, 0, 0, 0, 0, 0, 0, 0, 0)",2,-103.0,2
15,652,"(0, 0, 0, 1, 0, 0, 0, 0, 0, 0, 0, 0)",2,-113.0,2
15,653,"(0, 0, 0, 1, 0, 0, 0, 0, 0, 0, 0, 0)",2,-123.0,2
15,654,"(0, 0, 0, 1, 0, 0, 0, 0, 0, 0, 0, 0)",2,-133.0,2
15,655,"(0, 0, 0, 1, 0, 0, 0, 0, 0, 0, 0, 0)",2,-143.0,2
15,656,"(0, 0, 0, 1, 0, 0, 0, 0, 0, 0, 0, 0)",2,-153.0,2
15,657,"(0, 0, 0, 1, 0, 0, 0, 0, 0, 0, 0, 0)",2,-163.0,2
15,658,"(0, 0, 0, 1, 0, 0, 0, 0, 0, 0, 0, 0)",2,-173.0,2
15,659,"(0, 0, 0, 1, 0, 0, 0, 0, 0, 0, 0, 0)",2,-183.0,2
15,660,"(0, 0, 0, 1, 0, 0, 0, 0, 0, 0, 0, 0)",2,-193.0,2
15,661,"(0, 0, 0, 1, 0, 0, 0, 0, 0, 0, 0, 0)",2,-203.0,2
15,662,"(0, 0, 0, 1, 0, 0, 0, 0, 0, 0, 0, 0)",2,-213.0,2
15,663,"(0, 0, 0, 1, 0, 0, 0, 0, 0, 0, 0, 0)",2,-223.0,2
15,664,"(0, 0, 0, 1, 0, 0, 0, 0, 0, 0, 0, 0)",2,-233.0,2
15,665,"(0, 0, 0, 1, 0, 0, 0, 0, 0, 0, 0, 0)",2,-243.0,2
15,666,"(0, 0, 0, 1, 0, 0, 0, 0, 0, 0, 0, 0)",2,-253.0,2
15,667,"(0, 0, 0, 1, 0, 0, 0, 0, 0, 0, 0, 0)",2,-263.0,2
15,668,"(0, 0, 0, 1, 0, 0, 0, 0, 0, 0, 0, 0)",2,-273.0,2
15,669,"(0, 0, 0, 1, 0, 0, 0, 0, 0, 0, 0, 0)",0,-283.0,0
15,670,"(0, 0, 0, 1, 0, 0, 0, 0, 0, 0, 0, 0)",2,-293.0,2
15,671,"(0, 0, 0, 1, 0, 0, 0, 0, 0, 0, 0, 0)",2,-0.0,2
15,672,"(0, 0, 0, 0, 0, 0, 0, 0, 0, 0, 0, 1)",2,-0.0,2
15,673,"(0, 0, 0, 0, 0, 0, 0, 0, 0, 0, 0, 0)",0,-0.0,0
15,674,"(0, 0, 0, 0, 0, 0, 0, 0, 0, 0, 0, 0)",0,-0.0,0
15,675,"(0, 0, 0, 0, 0, 0, 0, 0, 0, 0, 0, 0)",0,-0.0,0
15,676,"(0, 0, 0, 0, 0, 0, 0, 0, 0, 0, 0, 0)",0,-0.0,0
15,677,"(0, 0, 0, 0, 0, 0, 0, 0, 0, 0, 0, 0)",0,-0.0,0
15,678,"(0, 0, 0, 0, 0, 0, 0, 0, 0, 0, 0, 0)",0,-0.0,0
15,679,"(0, 0, 0, 0, 0, 0, 0, 0, 0, 0, 0, 0)",0,-0.0,0
15,680,"(0, 0, 0, 0, 0, 0, 0, 0, 0, 0, 0, 0)",0,-0.0,0
15,681,"(0, 0, 0, 0, 0, 0, 0, 0, 0, 0, 0, 0)",0,-0.0,0
15,682,"(0, 0, 0, 0, 0, 0, 0, 0, 0, 0, 0, 0)",0,-0.0,0
15,683,"(0, 0, 0, 0, 0, 0, 0, 0, 0, 0, 0, 0)",0,-0.0,0
15,684,"(0, 0, 0, 0, 0, 0, 0, 0, 0, 0, 0, 0)",0,-0.0,0
15,685,"(0, 0, 0, 0, 0, 0, 0, 0, 0, 0, 0, 0)",0,-0.0,0
15,686,"(0, 0, 0, 0, 0, 0, 0, 0, 0, 0, 0, 0)",0,-0.0,0
15,687,"(0, 0, 0, 0, 0, 0, 0, 0, 0, 0, 0, 0)",0,-0.0,0
15,688,"(0, 0, 0, 0, 0, 0, 0, 0, 0, 0, 0, 0)",0,-0.0,0
15,689,"(0, 0, 0, 0, 0, 0, 0, 0, 0, 0, 0, 0)",0,-0.0,0
15,690,"(0, 0, 0, 0, 0, 0, 0, 0, 0, 0, 0, 0)",0,-0.0,0
15,691,"(0, 0, 0, 0, 0, 0, 0, 0, 0, 0, 0, 0)",0,-0.0,0
15,692,"(0, 0, 0, 0, 0, 0, 0, 0, 0, 0, 0, 0)",0,-0.0,0
15,693,"(0, 0, 0, 0, 0, 0, 0, 0, 0, 0, 0, 0)",0,-0.0,0
15,694,"(0, 0, 0, 0, 0, 0, 0, 0, 0, 0, 0, 0)",0,-0.0,0
15,695,"(0, 0, 0, 0, 0, 0, 0, 0, 0, 0, 0, 0)",0,-0.0,0
15,696,"(0, 0, 0, 0, 0, 0, 0, 0, 0, 0, 0, 0)",0,-0.0,0
15,697,"(0, 0, 0, 0, 0, 0, 0, 0, 0, 0, 0, 0)",0,-0.0,0
15,698,"(0, 0, 0, 0, 0, 0, 0, 0, 0, 0, 0, 0)",0,-0.0,0
15,699,"(0, 0, 0, 0, 0, 0, 0, 0, 0, 0, 0, 0)",0,-0.0,0
15,700,"(0, 0, 0, 0, 0, 0, 0, 0, 0, 0, 0, 0)",2,-0.0,2
15,701,"(0, 0, 0, 0, 0, 0, 0, 0, 0, 0, 0, 0)",0,-0.0,0
15,702,"(0, 0, 0, 0, 0, 0, 0, 0, 0, 0, 0, 0)",0,-8.0,0
15,703,"(0, 0, 0, 1, 0, 0, 0, 0, 0, 0, 0, 0)",2,-18.0,2
15,704,"(0, 0, 0, 1, 0, 0, 0, 0, 0, 0, 0, 0)",2,-28.0,2
15,705,"(0, 0, 0, 1, 0, 0, 0, 0, 0, 0, 0, 0)",2,-38.0,2
15,706,"(0, 0, 0, 1, 0, 0, 0, 0, 0, 0, 0, 0)",2,-48.0,2
15,707,"(0, 0, 0, 1, 0, 0, 0, 0, 0, 0, 0, 0)",2,-58.0,2
15,708,"(0, 0, 0, 1, 0, 0, 0, 0, 0, 0, 0, 0)",2,-68.0,2
15,709,"(0, 0, 0, 1, 0, 0, 0, 0, 0, 0, 0, 0)",2,-78.0,2
15,710,"(0, 0, 0, 1, 0, 0, 0, 0, 0, 0, 0, 0)",2,-88.0,2
15,711,"(0, 0, 0, 1, 0, 0, 0, 0, 0, 0, 0, 0)",2,-98.0,2
15,712,"(0, 0, 0, 1, 0, 0, 0, 0, 0, 0, 0, 0)",2,-108.0,2
15,713,"(0, 0, 0, 1, 0, 0, 0, 0, 0, 0, 0, 0)",2,-118.0,2
15,714,"(0, 0, 0, 1, 0, 0, 0, 0, 0, 0, 0, 0)",2,-128.0,2
15,715,"(0, 0, 0, 1, 0, 0, 0, 0, 0, 0, 0, 0)",2,-138.0,2
15,716,"(0, 0, 0, 1, 0, 0, 0, 0, 0, 0, 0, 0)",2,-148.0,2
15,717,"(0, 0, 0, 1, 0, 0, 0, 0, 0, 0, 0, 0)",2,-158.0,2
15,718,"(0, 0, 0, 1, 0, 0, 0, 0, 0, 0, 0, 0)",2,-168.0,2
15,719,"(0, 0, 0, 1, 0, 0, 0, 0, 0, 0, 0, 0)",2,-178.0,2
15,720,"(0, 0, 0, 1, 0, 0, 0, 0, 0, 0, 0, 0)",0,-188.0,0
15,721,"(0, 0, 0, 1, 0, 0, 0, 0, 0, 0, 0, 0)",2,-198.0,2
15,722,"(0, 0, 0, 1, 0, 0, 0, 0, 0, 0, 0, 0)",2,-208.0,2
15,723,"(0, 0, 0, 1, 0, 0, 0, 0, 0, 0, 0, 0)",2,-218.0,2
15,724,"(0, 0, 0, 1, 0, 0, 0, 0, 0, 0, 0, 0)",2,-228.0,2
15,725,"(0, 0, 0, 1, 0, 0, 0, 0, 0, 0, 0, 0)",2,-238.0,2
15,726,"(0, 0, 0, 1, 0, 0, 0, 0, 0, 0, 0, 0)",2,-248.0,2
15,727,"(0, 0, 0, 1, 0, 0, 0, 0, 0, 0, 0, 0)",2,-258.0,2
15,728,"(0, 0, 0, 1, 0, 0, 0, 0, 0, 0, 0, 0)",2,-268.0,2
15,729,"(0, 0, 0, 1, 0, 0, 0, 0, 0, 0, 0, 0)",2,-278.0,2
15,730,"(0, 0, 0, 1, 0, 0, 0, 0, 0, 0, 0, 0)",2,-288.0,2
15,731,"(0, 0, 0, 1, 0, 0, 0, 0, 0, 0, 0, 0)",0,-298.0,0
15,732,"(0, 0, 0, 1, 0, 0, 0, 0, 0, 0, 0, 0)",2,-0.0,2
15,733,"(0, 0, 0, 0, 0, 0, 0, 0, 0, 0, 0, 0)",0,-0.0,0
15,734,"(0, 0, 0, 0, 0, 0, 0, 0, 0, 0, 0, 0)",0,-0.0,0
15,735,"(0, 0, 0, 0, 0, 0, 0, 0, 0, 0, 0, 0)",0,-0.0,0
15,736,"(0, 0, 0, 0, 0, 0, 0, 0, 0, 0, 0, 0)",0,-0.0,0
15,737,"(0, 0, 0, 0, 0, 0, 0, 0, 0, 0, 0, 0)",0,-0.0,0
15,738,"(0, 0, 0, 0, 0, 0, 0, 0, 0, 0, 0, 0)",0,-0.0,0
15,739,"(0, 0, 0, 0, 0, 0, 0, 0, 0, 0, 0, 0)",0,-0.0,0
15,740,"(0, 0, 0, 0, 0, 0, 0, 0, 0, 0, 0, 0)",0,-0.0,0
15,741,"(0, 0, 0, 0, 0, 0, 0, 0, 0, 0, 0, 0)",0,-0.0,0
15,742,"(0, 0, 0, 0, 0, 0, 0, 0, 0, 0, 0, 0)",2,-0.0,2
15,743,"(0, 0, 0, 0, 0, 0, 0, 0, 0, 0, 0, 0)",0,-0.0,0
15,744,"(0, 0, 0, 0, 0, 0, 0, 0, 0, 0, 0, 0)",0,-0.0,0
15,745,"(0, 0, 0, 0, 0, 0, 0, 0, 0, 0, 0, 0)",0,-0.0,0
15,746,"(0, 0, 0, 0, 0, 0, 0, 0, 0, 0, 0, 0)",0,-0.0,0
15,747,"(0, 0, 0, 0, 0, 0, 0, 0, 0, 0, 0, 0)",0,-0.0,0
15,748,"(0, 0, 0, 0, 0, 0, 0, 0, 0, 0, 0, 0)",0,-0.0,0
15,749,"(0, 0, 0, 0, 0, 0, 0, 0, 0, 0, 0, 0)",0,-0.0,0
15,750,"(0, 0, 0, 0, 0, 0, 0, 0, 0, 0, 0, 0)",0,-0.0,0
15,751,"(0, 0, 0, 0, 0, 0, 0, 0, 0, 0, 0, 0)",0,-0.0,0
15,752,"(0, 0, 0, 0, 0, 0, 0, 0, 0, 0, 0, 0)",2,-0.0,2
15,753,"(0, 0, 0, 0, 0, 0, 0, 0, 0, 0, 0, 0)",0,-0.0,0
15,754,"(0, 0, 0, 0, 0, 0, 0, 0, 0, 0, 0, 0)",0,-0.0,0
15,755,"(0, 0, 0, 0, 0, 0, 0, 0, 0, 0, 0, 0)",0,-0.0,0
15,756,"(0, 0, 0, 0, 0, 0, 0, 0, 0, 0, 0, 0)",0,-0.0,0
15,757,"(0, 0, 0, 0, 0, 0, 0, 0, 0, 0, 0, 0)",0,-0.0,0
15,758,"(0, 0, 0, 0, 0, 0, 0, 0, 0, 0, 0, 0)",0,-0.0,0
15,759,"(0, 0, 0, 0, 0, 0, 0, 0, 0, 0, 0, 0)",0,-0.0,0
15,760,"(0, 0, 0, 0, 0, 0, 0, 0, 0, 0, 0, 0)",2,-0.0,2
15,761,"(0, 0, 0, 0, 0, 0, 0, 0, 0, 0, 0, 0)",0,-0.0,0
15,762,"(0, 0, 0, 0, 0, 0, 0, 0, 0, 0, 0, 0)",0,-1.0,0
15,763,"(0, 0, 0, 1, 0, 0, 0, 0, 0, 0, 0, 0)",2,-11.0,2
15,764,"(0, 0, 0, 1, 0, 0, 0, 0, 0, 0, 0, 0)",2,-21.0,2
15,765,"(0, 0, 0, 1, 0, 0, 0, 0, 0, 0, 0, 0)",2,-31.0,2
15,766,"(0, 0, 0, 1, 0, 0, 0, 0, 0, 0, 0, 0)",2,-41.0,2
15,767,"(0, 0, 0, 1, 0, 0, 0, 0, 0, 0, 0, 0)",2,-51.0,2
15,768,"(0, 0, 0, 1, 0, 0, 0, 0, 0, 0, 0, 0)",2,-61.0,2
15,769,"(0, 0, 0, 1, 0, 0, 0, 0, 0, 0, 0, 0)",2,-71.0,2
15,770,"(0, 0, 0, 1, 0, 0, 0, 0, 0, 0, 0, 0)",2,-81.0,2
15,771,"(0, 0, 0, 1, 0, 0, 0, 0, 0, 0, 0, 0)",2,-91.0,2
15,772,"(0, 0, 0, 1, 0, 0, 0, 0, 0, 0, 0, 0)",2,-101.0,2
15,773,"(0, 0, 0, 1, 0, 0, 0, 0, 0, 0, 0, 0)",2,-111.0,2
15,774,"(0, 0, 0, 1, 0, 0, 0, 0, 0, 0, 0, 0)",2,-121.0,2
15,775,"(0, 0, 0, 1, 0, 0, 0, 0, 0, 0, 0, 0)",2,-131.0,2
15,776,"(0, 0, 0, 1, 0, 0, 0, 0, 0, 0, 0, 0)",2,-141.0,2
15,777,"(0, 0, 0, 1, 0, 0, 0, 0, 0, 0, 0, 0)",2,-151.0,2
15,778,"(0, 0, 0, 1, 0, 0, 0, 0, 0, 0, 0, 0)",2,-161.0,2
15,779,"(0, 0, 0, 1, 0, 0, 0, 0, 0, 0, 0, 0)",2,-171.0,2
15,780,"(0, 0, 0, 1, 0, 0, 0, 0, 0, 0, 0, 0)",2,-181.0,2
15,781,"(0, 0, 0, 1, 0, 0, 0, 0, 0, 0, 0, 0)",2,-191.0,2
15,782,"(0, 0, 0, 1, 0, 0, 0, 0, 0, 0, 0, 0)",2,-201.0,2
15,783,"(0, 0, 0, 1, 0, 0, 0, 0, 0, 0, 0, 0)",2,-211.0,2
15,784,"(0, 0, 0, 1, 0, 0, 0, 0, 0, 0, 0, 0)",2,-221.0,2
15,785,"(0, 0, 0, 1, 0, 0, 0, 0, 0, 0, 0, 0)",0,-231.0,0
15,786,"(0, 0, 0, 1, 0, 0, 0, 0, 0, 0, 0, 0)",2,-241.0,2
15,787,"(0, 0, 0, 1, 0, 0, 0, 0, 0, 0, 0, 0)",2,-251.0,2
15,788,"(0, 0, 0, 1, 0, 0, 0, 0, 0, 0, 0, 0)",2,-261.0,2
15,789,"(0, 0, 0, 1, 0, 0, 0, 0, 0, 0, 0, 0)",2,-271.0,2
15,790,"(0, 0, 0, 1, 0, 0, 0, 0, 0, 0, 0, 0)",2,-281.0,2
15,791,"(0, 0, 0, 1, 0, 0, 0, 0, 0, 0, 0, 0)",2,-291.0,2
15,792,"(0, 0, 0, 1, 0, 0, 0, 0, 0, 0, 0, 0)",2,-0.0,2
15,793,"(0, 0, 0, 0, 0, 0, 0, 1, 0, 0, 0, 0)",2,-10.0,2
15,794,"(0, 0, 0, 0, 0, 0, 0, 1, 0, 0, 0, 0)",2,-20.0,2
15,795,"(0, 0, 0, 0, 0, 0, 0, 1, 0, 0, 0, 0)",2,-30.0,2
15,796,"(0, 0, 0, 0, 0, 0, 0, 1, 0, 0, 0, 0)",2,-40.0,2
15,797,"(0, 0, 0, 0, 0, 0, 0, 1, 0, 0, 0, 0)",2,-50.0,2
15,798,"(0, 0, 0, 0, 0, 0, 0, 1, 0, 0, 0, 0)",2,-60.0,2
15,799,"(0, 0, 0, 0, 0, 0, 0, 1, 0, 0, 0, 0)",0,-70.0,0
15,800,"(0, 0, 0, 0, 0, 0, 0, 1, 0, 0, 0, 0)",2,-80.0,2
15,801,"(0, 0, 0, 0, 0, 0, 0, 1, 0, 0, 0, 0)",0,-0.0,0
15,802,"(0, 0, 0, 0, 0, 0, 0, 0, 0, 0, 0, 0)",0,-0.0,0
15,803,"(0, 0, 0, 0, 0, 0, 0, 0, 0, 0, 0, 0)",0,-0.0,0
15,804,"(0, 0, 0, 0, 0, 0, 0, 0, 0, 0, 0, 0)",0,-0.0,0
15,805,"(0, 0, 0, 0, 0, 0, 0, 0, 0, 0, 0, 0)",0,-0.0,0
15,806,"(0, 0, 0, 0, 0, 0, 0, 0, 0, 0, 0, 0)",0,-0.0,0
15,807,"(0, 0, 0, 0, 0, 0, 0, 0, 0, 0, 0, 0)",0,-0.0,0
15,808,"(0, 0, 0, 0, 0, 0, 0, 0, 0, 0, 0, 0)",0,-0.0,0
15,809,"(0, 0, 0, 0, 0, 0, 0, 0, 0, 0, 0, 0)",0,-0.0,0
15,810,"(0, 0, 0, 0, 0, 0, 0, 0, 0, 0, 0, 0)",0,-0.0,0
15,811,"(0, 0, 0, 0, 0, 0, 0, 0, 0, 0, 0, 0)",0,-0.0,0
15,812,"(0, 0, 0, 0, 0, 0, 0, 0, 0, 0, 0, 0)",0,-0.0,0
15,813,"(0, 0, 0, 0, 0, 0, 0, 0, 0, 0, 0, 0)",0,-0.0,0
15,814,"(0, 0, 0, 0, 0, 0, 0, 0, 0, 0, 0, 0)",0,-0.0,0
15,815,"(0, 0, 0, 0, 0, 0, 0, 0, 0, 0, 0, 0)",0,-0.0,0
15,816,"(0, 0, 0, 0, 0, 0, 0, 0, 0, 0, 0, 0)",0,-0.0,0
15,817,"(0, 0, 0, 0, 0, 0, 0, 0, 0, 0, 0, 0)",0,-0.0,0
15,818,"(0, 0, 0, 0, 0, 0, 0, 0, 0, 0, 0, 0)",0,-0.0,0
15,819,"(0, 0, 0, 0, 0, 0, 0, 0, 0, 0, 0, 0)",0,-0.0,0
15,820,"(0, 0, 0, 0, 0, 0, 0, 0, 0, 0, 0, 0)",0,-0.0,0
15,821,"(0, 0, 0, 0, 0, 0, 0, 0, 0, 0, 0, 0)",0,-0.0,0
15,822,"(0, 0, 0, 0, 0, 0, 0, 0, 0, 0, 0, 0)",0,-0.0,0
15,823,"(0, 0, 0, 0, 0, 0, 0, 0, 0, 0, 0, 0)",0,-4.0,0
15,824,"(0, 0, 0, 1, 0, 0, 0, 0, 0, 0, 0, 0)",2,-14.0,2
15,825,"(0, 0, 0, 1, 0, 0, 0, 0, 0, 0, 0, 0)",2,-24.0,2
15,826,"(0, 0, 0, 1, 0, 0, 0, 0, 0, 0, 0, 0)",2,-34.0,2
15,827,"(0, 0, 0, 1, 0, 0, 0, 0, 0, 0, 0, 0)",2,-44.0,2
15,828,"(0, 0, 0, 1, 0, 0, 0, 0, 0, 0, 0, 0)",0,-54.0,0
15,829,"(0, 0, 0, 1, 0, 0, 0, 0, 0, 0, 0, 0)",2,-64.0,2
15,830,"(0, 0, 0, 1, 0, 0, 0, 0, 0, 0, 0, 0)",2,-74.0,2
15,831,"(0, 0, 0, 1, 0, 0, 0, 0, 0, 0, 0, 0)",2,-84.0,2
15,832,"(0, 0, 0, 1, 0, 0, 0, 0, 0, 0, 0, 0)",2,-94.0,2
15,833,"(0, 0, 0, 1, 0, 0, 0, 0, 0, 0, 0, 0)",2,-104.0,2
15,834,"(0, 0, 0, 1, 0, 0, 0, 0, 0, 0, 0, 0)",2,-114.0,2
15,835,"(0, 0, 0, 1, 0, 0, 0, 0, 0, 0, 0, 0)",2,-124.0,2
15,836,"(0, 0, 0, 1, 0, 0, 0, 0, 0, 0, 0, 0)",2,-134.0,2
15,837,"(0, 0, 0, 1, 0, 0, 0, 0, 0, 0, 0, 0)",2,-144.0,2
15,838,"(0, 0, 0, 1, 0, 0, 0, 0, 0, 0, 0, 0)",2,-154.0,2
15,839,"(0, 0, 0, 1, 0, 0, 0, 0, 0, 0, 0, 0)",2,-164.0,2
15,840,"(0, 0, 0, 1, 0, 0, 0, 0, 0, 0, 0, 0)",2,-174.0,2
15,841,"(0, 0, 0, 1, 0, 0, 0, 0, 0, 0, 0, 0)",2,-184.0,2
15,842,"(0, 0, 0, 1, 0, 0, 0, 0, 0, 0, 0, 0)",2,-194.0,2
15,843,"(0, 0, 0, 1, 0, 0, 0, 0, 0, 0, 0, 0)",2,-204.0,2
15,844,"(0, 0, 0, 1, 0, 0, 0, 0, 0, 0, 0, 0)",2,-214.0,2
15,845,"(0, 0, 0, 1, 0, 0, 0, 0, 0, 0, 0, 0)",2,-224.0,2
15,846,"(0, 0, 0, 1, 0, 0, 0, 0, 0, 0, 0, 0)",2,-234.0,2
15,847,"(0, 0, 0, 1, 0, 0, 0, 0, 0, 0, 0, 0)",2,-244.0,2
15,848,"(0, 0, 0, 1, 0, 0, 0, 0, 0, 0, 0, 0)",2,-254.0,2
15,849,"(0, 0, 0, 1, 0, 0, 0, 0, 0, 0, 0, 0)",2,-264.0,2
15,850,"(0, 0, 0, 1, 0, 0, 0, 0, 0, 0, 0, 0)",2,-274.0,2
15,851,"(0, 0, 0, 1, 0, 0, 0, 0, 0, 0, 0, 0)",0,-284.0,0
15,852,"(0, 0, 0, 1, 0, 0, 0, 0, 0, 0, 0, 0)",2,-294.0,2
15,853,"(0, 0, 0, 1, 0, 0, 0, 0, 0, 0, 0, 0)",2,-0.0,2
15,854,"(0, 0, 0, 0, 0, 0, 0, 0, 0, 0, 0, 0)",2,-0.0,2
15,855,"(0, 0, 0, 0, 0, 0, 0, 0, 0, 0, 0, 0)",2,-0.0,2
15,856,"(0, 0, 0, 0, 0, 0, 0, 0, 0, 0, 0, 0)",2,-0.0,2
15,857,"(0, 0, 0, 0, 0, 0, 0, 0, 0, 0, 0, 0)",2,-0.0,2
15,858,"(0, 0, 0, 0, 0, 0, 0, 0, 0, 0, 0, 0)",2,-0.0,2
15,859,"(0, 0, 0, 0, 0, 0, 0, 0, 0, 0, 0, 0)",2,-0.0,2
15,860,"(0, 0, 0, 0, 0, 0, 0, 0, 0, 0, 0, 0)",2,-0.0,2
15,861,"(0, 0, 0, 0, 0, 0, 0, 0, 0, 0, 0, 0)",2,-0.0,2
15,862,"(0, 0, 0, 0, 0, 0, 0, 0, 0, 0, 0, 0)",2,-0.0,2
15,863,"(0, 0, 0, 0, 0, 0, 0, 0, 0, 0, 0, 0)",0,-0.0,0
15,864,"(0, 0, 0, 0, 0, 0, 0, 0, 0, 0, 0, 0)",2,-0.0,2
15,865,"(0, 0, 0, 0, 0, 0, 0, 0, 0, 0, 0, 0)",0,-0.0,0
15,866,"(0, 0, 0, 0, 0, 0, 0, 0, 0, 0, 0, 0)",2,-0.0,2
15,867,"(0, 0, 0, 0, 0, 0, 0, 0, 0, 0, 0, 0)",2,-0.0,2
15,868,"(0, 0, 0, 0, 0, 0, 0, 0, 0, 0, 0, 0)",2,-0.0,2
15,869,"(0, 0, 0, 0, 0, 0, 0, 0, 0, 0, 0, 0)",2,-0.0,2
15,870,"(0, 0, 0, 0, 0, 0, 0, 0, 0, 0, 0, 0)",2,-0.0,2
15,871,"(0, 0, 0, 0, 0, 0, 0, 0, 0, 0, 0, 0)",2,-0.0,2
15,872,"(0, 0, 0, 0, 0, 0, 0, 0, 0, 0, 0, 0)",2,-0.0,2
15,873,"(0, 0, 0, 0, 0, 0, 0, 0, 0, 0, 0, 0)",2,-0.0,2
15,874,"(0, 0, 0, 0, 0, 0, 0, 0, 0, 0, 0, 0)",2,-0.0,2
15,875,"(0, 0, 0, 0, 0, 0, 0, 0, 0, 0, 0, 0)",2,-0.0,2
15,876,"(0, 0, 0, 0, 0, 0, 0, 0, 0, 0, 0, 0)",0,-0.0,0
15,877,"(0, 0, 0, 0, 0, 0, 0, 0, 0, 0, 0, 0)",2,-0.0,2
15,878,"(0, 0, 0, 0, 0, 0, 0, 0, 0, 0, 0, 0)",2,-0.0,2
15,879,"(0, 0, 0, 0, 0, 0, 0, 0, 0, 0, 0, 0)",2,-0.0,2
15,880,"(0, 0, 0, 0, 0, 0, 0, 0, 0, 0, 0, 0)",2,-0.0,2
15,881,"(0, 0, 0, 0, 0, 0, 0, 0, 0, 0, 0, 0)",2,-0.0,2
15,882,"(0, 0, 0, 0, 0, 0, 0, 0, 0, 0, 0, 0)",2,-0.0,2
15,883,"(0, 0, 0, 0, 0, 0, 0, 0, 0, 0, 0, 0)",2,-0.0,2
15,884,"(0, 0, 0, 1, 0, 0, 0, 0, 0, 0, 0, 0)",2,-10.0,2
15,885,"(0, 0, 0, 1, 0, 0, 0, 0, 0, 0, 0, 0)",0,-20.0,0
15,886,"(0, 0, 0, 1, 0, 0, 0, 0, 0, 0, 0, 0)",2,-30.0,2
15,887,"(0, 0, 0, 1, 0, 0, 0, 0, 0, 0, 0, 0)",2,-40.0,2
15,888,"(0, 0, 0, 1, 0, 0, 0, 0, 0, 0, 0, 0)",2,-50.0,2
15,889,"(0, 0, 0, 1, 0, 0, 0, 0, 0, 0, 0, 0)",2,-60.0,2
15,890,"(0, 0, 0, 1, 0, 0, 0, 0, 0, 0, 0, 0)",2,-70.0,2
15,891,"(0, 0, 0, 1, 0, 0, 0, 0, 0, 0, 0, 0)",2,-80.0,2
15,892,"(0, 0, 0, 1, 0, 0, 0, 0, 0, 0, 0, 0)",2,-90.0,2
15,893,"(0, 0, 0, 1, 0, 0, 0, 0, 0, 0, 0, 0)",2,-100.0,2
15,894,"(0, 0, 0, 1, 0, 0, 0, 0, 0, 0, 0, 0)",2,-110.0,2
15,895,"(0, 0, 0, 1, 0, 0, 0, 0, 0, 0, 0, 0)",0,-120.0,0
15,896,"(0, 0, 0, 1, 0, 0, 0, 0, 0, 0, 0, 0)",2,-130.0,2
15,897,"(0, 0, 0, 1, 0, 0, 0, 0, 0, 0, 0, 0)",2,-140.0,2
15,898,"(0, 0, 0, 1, 0, 0, 0, 0, 0, 0, 0, 0)",2,-150.0,2
15,899,"(0, 0, 0, 1, 0, 0, 0, 0, 0, 0, 0, 0)",2,-160.0,2
15,900,"(0, 0, 0, 1, 0, 0, 0, 0, 0, 0, 0, 0)",2,-170.0,2
15,901,"(0, 0, 0, 1, 0, 0, 0, 0, 0, 0, 0, 0)",2,-180.0,2
15,902,"(0, 0, 0, 1, 0, 0, 0, 0, 0, 0, 0, 0)",2,-190.0,2
15,903,"(0, 0, 0, 1, 0, 0, 0, 0, 0, 0, 0, 0)",2,-200.0,2
15,904,"(0, 0, 0, 1, 0, 0, 0, 0, 0, 0, 0, 0)",2,-210.0,2
15,905,"(0, 0, 0, 1, 0, 0, 0, 0, 0, 0, 0, 0)",2,-220.0,2
15,906,"(0, 0, 0, 1, 0, 0, 0, 0, 0, 0, 0, 0)",2,-230.0,2
15,907,"(0, 0, 0, 1, 0, 0, 0, 0, 0, 0, 0, 0)",2,-240.0,2
15,908,"(0, 0, 0, 1, 0, 0, 0, 0, 0, 0, 0, 0)",2,-250.0,2
15,909,"(0, 0, 0, 1, 0, 0, 0, 0, 0, 0, 0, 0)",2,-260.0,2
15,910,"(0, 0, 0, 1, 0, 0, 0, 0, 0, 0, 0, 0)",2,-270.0,2
15,911,"(0, 0, 0, 1, 0, 0, 0, 0, 0, 0, 0, 0)",0,-280.0,0
15,912,"(0, 0, 0, 1, 0, 0, 0, 0, 0, 0, 0, 0)",2,-290.0,2
15,913,"(0, 0, 0, 1, 0, 0, 0, 0, 0, 0, 0, 0)",0,-300.0,0
15,914,"(0, 0, 0, 1, 0, 0, 0, 0, 0, 0, 0, 0)",2,-0.0,2
15,915,"(0, 0, 0, 0, 0, 0, 0, 0, 0, 0, 0, 0)",0,-0.0,0
15,916,"(0, 0, 0, 0, 0, 0, 0, 0, 0, 0, 0, 0)",0,-0.0,0
15,917,"(0, 0, 0, 0, 0, 0, 0, 0, 0, 0, 0, 0)",0,-0.0,0
15,918,"(0, 0, 0, 0, 0, 0, 0, 0, 0, 0, 0, 0)",2,-0.0,2
15,919,"(0, 0, 0, 0, 0, 0, 0, 0, 0, 0, 0, 0)",0,-0.0,0
15,920,"(0, 0, 0, 0, 0, 0, 0, 0, 0, 0, 0, 0)",0,-0.0,0
15,921,"(0, 0, 0, 0, 0, 0, 0, 0, 0, 0, 0, 0)",0,-0.0,0
15,922,"(0, 0, 0, 0, 0, 0, 0, 0, 0, 0, 0, 0)",0,-0.0,0
15,923,"(0, 0, 0, 0, 0, 0, 0, 0, 0, 0, 0, 0)",0,-0.0,0
15,924,"(0, 0, 0, 0, 0, 0, 0, 0, 0, 0, 0, 0)",2,-0.0,2
15,925,"(0, 0, 0, 0, 0, 0, 0, 0, 0, 0, 0, 0)",2,-0.0,2
15,926,"(0, 0, 0, 0, 0, 0, 0, 0, 0, 0, 0, 0)",0,-0.0,0
15,927,"(0, 0, 0, 0, 0, 0, 0, 0, 0, 0, 0, 0)",2,-0.0,2
15,928,"(0, 0, 0, 0, 0, 0, 0, 0, 0, 0, 0, 0)",0,-0.0,0
15,929,"(0, 0, 0, 0, 0, 0, 0, 0, 0, 0, 0, 0)",0,-0.0,0
15,930,"(0, 0, 0, 0, 0, 0, 0, 0, 0, 0, 0, 0)",0,-0.0,0
15,931,"(0, 0, 0, 0, 0, 0, 0, 0, 0, 0, 0, 0)",0,-0.0,0
15,932,"(0, 0, 0, 0, 0, 0, 0, 0, 0, 0, 0, 0)",0,-0.0,0
15,933,"(0, 0, 0, 0, 0, 0, 0, 0, 0, 0, 0, 0)",0,-0.0,0
15,934,"(0, 0, 0, 0, 0, 0, 0, 0, 0, 0, 0, 0)",0,-0.0,0
15,935,"(0, 0, 0, 0, 0, 0, 0, 0, 0, 0, 0, 0)",0,-0.0,0
15,936,"(0, 0, 0, 0, 0, 0, 0, 0, 0, 0, 0, 0)",0,-0.0,0
15,937,"(0, 0, 0, 0, 0, 0, 0, 0, 0, 0, 0, 0)",0,-0.0,0
15,938,"(0, 0, 0, 0, 0, 0, 0, 0, 0, 0, 0, 0)",0,-0.0,0
15,939,"(0, 0, 0, 0, 0, 0, 0, 0, 0, 0, 0, 0)",0,-0.0,0
15,940,"(0, 0, 0, 0, 0, 0, 0, 0, 0, 0, 0, 0)",0,-0.0,0
15,941,"(0, 0, 0, 0, 0, 0, 0, 0, 0, 0, 0, 0)",0,-0.0,0
15,942,"(0, 0, 0, 0, 0, 0, 0, 0, 0, 0, 0, 0)",0,-0.0,0
15,943,"(0, 0, 0, 0, 0, 0, 0, 0, 0, 0, 0, 0)",0,-0.0,0
15,944,"(0, 0, 0, 0, 0, 0, 0, 0, 0, 0, 0, 0)",0,-5.0,0
15,945,"(0, 0, 0, 1, 0, 0, 0, 0, 0, 0, 0, 0)",2,-15.0,2
15,946,"(0, 0, 0, 1, 0, 0, 0, 0, 0, 0, 0, 0)",2,-25.0,2
15,947,"(0, 0, 0, 1, 0, 0, 0, 0, 0, 0, 0, 0)",2,-35.0,2
15,948,"(0, 0, 0, 1, 0, 0, 0, 0, 0, 0, 0, 0)",2,-45.0,2
15,949,"(0, 0, 0, 1, 0, 0, 0, 0, 0, 0, 0, 0)",2,-55.0,2
15,950,"(0, 0, 0, 1, 0, 0, 0, 0, 0, 0, 0, 0)",2,-65.0,2
15,951,"(0, 0, 0, 1, 0, 0, 0, 0, 0, 0, 0, 0)",2,-75.0,2
15,952,"(0, 0, 0, 1, 0, 0, 0, 0, 0, 0, 0, 0)",2,-85.0,2
15,953,"(0, 0, 0, 1, 0, 0, 0, 0, 0, 0, 0, 0)",2,-95.0,2
15,954,"(0, 0, 0, 1, 0, 0, 0, 0, 0, 0, 0, 0)",2,-105.0,2
15,955,"(0, 0, 0, 1, 0, 0, 0, 0, 0, 0, 0, 0)",2,-115.0,2
15,956,"(0, 0, 0, 1, 0, 0, 0, 0, 0, 0, 0, 0)",2,-125.0,2
15,957,"(0, 0, 0, 1, 0, 0, 0, 0, 0, 0, 0, 0)",2,-135.0,2
15,958,"(0, 0, 0, 1, 0, 0, 0, 0, 0, 0, 0, 0)",2,-145.0,2
15,959,"(0, 0, 0, 1, 0, 0, 0, 0, 0, 0, 0, 0)",2,-155.0,2
15,960,"(0, 0, 0, 1, 0, 0, 0, 0, 0, 0, 0, 0)",2,-165.0,2
15,961,"(0, 0, 0, 1, 0, 0, 0, 0, 0, 0, 0, 0)",2,-175.0,2
15,962,"(0, 0, 0, 1, 0, 0, 0, 0, 0, 0, 0, 0)",2,-185.0,2
15,963,"(0, 0, 0, 1, 0, 0, 0, 0, 0, 0, 0, 0)",2,-195.0,2
15,964,"(0, 0, 0, 1, 0, 0, 0, 0, 0, 0, 0, 0)",2,-205.0,2
15,965,"(0, 0, 0, 1, 0, 0, 0, 0, 0, 0, 0, 0)",2,-215.0,2
15,966,"(0, 0, 0, 1, 0, 0, 0, 0, 0, 0, 0, 0)",0,-225.0,0
15,967,"(0, 0, 0, 1, 0, 0, 0, 0, 0, 0, 0, 0)",2,-235.0,2
15,968,"(0, 0, 0, 1, 0, 0, 0, 0, 0, 0, 0, 0)",2,-245.0,2
15,969,"(0, 0, 0, 1, 0, 0, 0, 0, 0, 0, 0, 0)",2,-255.0,2
15,970,"(0, 0, 0, 1, 0, 0, 0, 0, 0, 0, 0, 0)",2,-265.0,2
15,971,"(0, 0, 0, 1, 0, 0, 0, 0, 0, 0, 0, 0)",2,-275.0,2
15,972,"(0, 0, 0, 1, 0, 0, 0, 0, 0, 0, 0, 0)",0,-285.0,0
15,973,"(0, 0, 0, 1, 0, 0, 0, 0, 0, 0, 0, 0)",2,-295.0,2
15,974,"(0, 0, 0, 1, 0, 0, 0, 0, 0, 0, 0, 0)",2,-0.0,2
15,975,"(0, 0, 0, 0, 0, 0, 0, 0, 0, 0, 0, 0)",2,-0.0,2
15,976,"(0, 0, 0, 0, 0, 0, 0, 0, 0, 0, 0, 0)",2,-0.0,2
15,977,"(0, 0, 0, 0, 0, 0, 0, 0, 0, 0, 0, 0)",2,-0.0,2
15,978,"(0, 0, 0, 0, 0, 0, 0, 0, 0, 0, 0, 0)",2,-0.0,2
15,979,"(0, 0, 0, 0, 0, 0, 0, 0, 0, 0, 0, 0)",2,-0.0,2
15,980,"(0, 0, 0, 0, 0, 0, 0, 0, 0, 0, 0, 0)",2,-0.0,2
15,981,"(0, 0, 0, 0, 0, 0, 0, 0, 0, 0, 0, 0)",2,-0.0,2
15,982,"(0, 0, 0, 0, 0, 0, 0, 0, 0, 0, 0, 0)",2,-0.0,2
15,983,"(0, 0, 0, 0, 0, 0, 0, 0, 0, 0, 0, 0)",2,-0.0,2
15,984,"(0, 0, 0, 0, 0, 0, 0, 0, 0, 0, 0, 0)",0,-0.0,0
15,985,"(0, 0, 0, 0, 0, 0, 0, 0, 0, 0, 0, 0)",2,-0.0,2
15,986,"(0, 0, 0, 0, 0, 0, 0, 0, 0, 0, 0, 0)",0,-0.0,0
15,987,"(0, 0, 0, 0, 0, 0, 0, 0, 0, 0, 0, 0)",2,-0.0,2
15,988,"(0, 0, 0, 0, 0, 0, 0, 0, 0, 0, 0, 0)",2,-0.0,2
15,989,"(0, 0, 0, 0, 0, 0, 0, 0, 0, 0, 0, 0)",2,-0.0,2
15,990,"(0, 0, 0, 0, 0, 0, 0, 0, 0, 0, 0, 0)",2,-0.0,2
15,991,"(0, 0, 0, 0, 0, 0, 0, 0, 0, 0, 0, 0)",2,-0.0,2
15,992,"(0, 0, 0, 0, 0, 0, 0, 0, 0, 0, 0, 0)",2,-0.0,2
15,993,"(0, 0, 0, 0, 0, 0, 0, 0, 0, 0, 0, 0)",0,-0.0,0
15,994,"(0, 0, 0, 0, 0, 0, 0, 0, 0, 0, 0, 0)",2,-0.0,2
15,995,"(0, 0, 0, 0, 0, 0, 0, 0, 0, 0, 0, 0)",2,-0.0,2
15,996,"(0, 0, 0, 0, 0, 0, 0, 0, 0, 0, 0, 0)",2,-0.0,2
15,997,"(0, 0, 0, 0, 0, 0, 0, 0, 0, 0, 0, 0)",2,-0.0,2
15,998,"(0, 0, 0, 0, 0, 0, 0, 0, 0, 0, 0, 0)",2,-0.0,2
15,999,"(0, 0, 0, 0, 0, 0, 0, 0, 0, 0, 0, 0)",2,-0.0,2
15,1000,"(0, 0, 0, 0, 0, 0, 0, 0, 0, 0, 0, 0)",2,-0.0,2
15,1001,"(0, 0, 0, 0, 0, 0, 0, 0, 0, 0, 0, 0)",2,-0.0,2
15,1002,"(0, 0, 0, 0, 0, 0, 0, 0, 0, 0, 0, 0)",2,-0.0,2
15,1003,"(0, 0, 0, 0, 0, 0, 0, 0, 0, 0, 0, 0)",2,-0.0,2
15,1004,"(0, 0, 0, 0, 0, 0, 0, 0, 0, 0, 0, 0)",0,-0.0,0
15,1005,"(0, 0, 0, 0, 0, 0, 0, 0, 0, 0, 0, 0)",2,-8.0,2
15,1006,"(0, 0, 0, 1, 0, 0, 0, 0, 0, 0, 0, 0)",2,-18.0,2
15,1007,"(0, 0, 0, 1, 0, 0, 0, 0, 0, 0, 0, 0)",2,-28.0,2
15,1008,"(0, 0, 0, 1, 0, 0, 0, 0, 0, 0, 0, 0)",2,-38.0,2
15,1009,"(0, 0, 0, 1, 0, 0, 0, 0, 0, 0, 0, 0)",2,-48.0,2
15,1010,"(0, 0, 0, 1, 0, 0, 0, 0, 0, 0, 0, 0)",2,-58.0,2
15,1011,"(0, 0, 0, 1, 0, 0, 0, 0, 0, 0, 0, 0)",2,-68.0,2
15,1012,"(0, 0, 0, 1, 0, 0, 0, 0, 0, 0, 0, 0)",2,-78.0,2
15,1013,"(0, 0, 0, 1, 0, 0, 0, 0, 0, 0, 0, 0)",2,-88.0,2
15,1014,"(0, 0, 0, 1, 0, 0, 0, 0, 0, 0, 0, 0)",2,-98.0,2
15,1015,"(0, 0, 0, 1, 0, 0, 0, 0, 0, 0, 0, 0)",2,-108.0,2
15,1016,"(0, 0, 0, 1, 0, 0, 0, 0, 0, 0, 0, 0)",2,-118.0,2
15,1017,"(0, 0, 0, 1, 0, 0, 0, 0, 0, 0, 0, 0)",2,-128.0,2
15,1018,"(0, 0, 0, 1, 0, 0, 0, 0, 0, 0, 0, 0)",2,-138.0,2
15,1019,"(0, 0, 0, 1, 0, 0, 0, 0, 0, 0, 0, 0)",2,-148.0,2
15,1020,"(0, 0, 0, 1, 0, 0, 0, 0, 0, 0, 0, 0)",2,-158.0,2
15,1021,"(0, 0, 0, 1, 0, 0, 0, 0, 0, 0, 0, 0)",2,-168.0,2
15,1022,"(0, 0, 0, 1, 0, 0, 0, 0, 0, 0, 0, 0)",2,-178.0,2
15,1023,"(0, 0, 0, 1, 0, 0, 0, 0, 0, 0, 0, 0)",2,-188.0,2
15,1024,"(0, 0, 0, 1, 0, 0, 0, 0, 0, 0, 0, 0)",0,-198.0,0
15,1025,"(0, 0, 0, 1, 0, 0, 0, 0, 0, 0, 0, 0)",2,-208.0,2
15,1026,"(0, 0, 0, 1, 0, 0, 0, 0, 0, 0, 0, 0)",2,-218.0,2
15,1027,"(0, 0, 0, 1, 0, 0, 0, 0, 0, 0, 0, 0)",2,-228.0,2
15,1028,"(0, 0, 0, 1, 0, 0, 0, 0, 0, 0, 0, 0)",2,-238.0,2
15,1029,"(0, 0, 0, 1, 0, 0, 0, 0, 0, 0, 0, 0)",0,-248.0,0
15,1030,"(0, 0, 0, 1, 0, 0, 0, 0, 0, 0, 0, 0)",2,-258.0,2
15,1031,"(0, 0, 0, 1, 0, 0, 0, 0, 0, 0, 0, 0)",2,-268.0,2
15,1032,"(0, 0, 0, 1, 0, 0, 0, 0, 0, 0, 0, 0)",2,-278.0,2
15,1033,"(0, 0, 0, 1, 0, 0, 0, 0, 0, 0, 0, 0)",2,-288.0,2
15,1034,"(0, 0, 0, 1, 0, 0, 0, 0, 0, 0, 0, 0)",2,-298.0,2
15,1035,"(0, 0, 0, 1, 0, 0, 0, 0, 0, 0, 0, 0)",2,-0.0,2
15,1036,"(0, 0, 0, 0, 0, 0, 0, 0, 0, 0, 0, 0)",0,-0.0,0
15,1037,"(0, 0, 0, 0, 0, 0, 0, 0, 0, 0, 0, 0)",2,-0.0,2
15,1038,"(0, 0, 0, 0, 0, 0, 0, 0, 0, 0, 0, 0)",0,-0.0,0
15,1039,"(0, 0, 0, 0, 0, 0, 0, 0, 0, 0, 0, 0)",0,-0.0,0
15,1040,"(0, 0, 0, 0, 0, 0, 0, 0, 0, 0, 0, 0)",0,-0.0,0
15,1041,"(0, 0, 0, 0, 0, 0, 0, 0, 0, 0, 0, 0)",2,-0.0,2
15,1042,"(0, 0, 0, 0, 0, 0, 0, 0, 0, 0, 0, 0)",0,-0.0,0
15,1043,"(0, 0, 0, 0, 0, 0, 0, 0, 0, 0, 0, 0)",0,-0.0,0
15,1044,"(0, 0, 0, 0, 0, 0, 0, 0, 0, 0, 0, 0)",0,-0.0,0
15,1045,"(0, 0, 0, 0, 0, 0, 0, 0, 0, 0, 0, 0)",0,-0.0,0
15,1046,"(0, 0, 0, 0, 0, 0, 0, 0, 0, 0, 0, 0)",0,-0.0,0
15,1047,"(0, 0, 0, 0, 0, 0, 0, 0, 0, 0, 0, 0)",0,-0.0,0
15,1048,"(0, 0, 0, 0, 0, 0, 0, 0, 0, 0, 0, 0)",0,-0.0,0
15,1049,"(0, 0, 0, 0, 0, 0, 0, 0, 0, 0, 0, 0)",0,-0.0,0
15,1050,"(0, 0, 0, 0, 0, 0, 0, 0, 0, 0, 0, 0)",0,-0.0,0
15,1051,"(0, 0, 0, 0, 0, 0, 0, 0, 0, 0, 0, 0)",0,-0.0,0
15,1052,"(0, 0, 0, 0, 0, 0, 0, 0, 0, 0, 0, 0)",0,-0.0,0
15,1053,"(0, 0, 0, 0, 0, 0, 0, 0, 0, 0, 0, 0)",0,-0.0,0
15,1054,"(0, 0, 0, 0, 0, 0, 0, 0, 0, 0, 0, 0)",0,-0.0,0
15,1055,"(0, 0, 0, 0, 0, 0, 0, 0, 0, 0, 0, 0)",0,-0.0,0
15,1056,"(0, 0, 0, 0, 0, 0, 0, 0, 0, 0, 0, 0)",0,-0.0,0
15,1057,"(0, 0, 0, 0, 0, 0, 0, 0, 0, 0, 0, 0)",0,-0.0,0
15,1058,"(0, 0, 0, 0, 0, 0, 0, 0, 0, 0, 0, 0)",0,-0.0,0
15,1059,"(0, 0, 0, 0, 0, 0, 0, 0, 0, 0, 0, 0)",0,-0.0,0
15,1060,"(0, 0, 0, 0, 0, 0, 0, 0, 0, 0, 0, 0)",0,-0.0,0
15,1061,"(0, 0, 0, 0, 0, 0, 0, 0, 0, 0, 0, 0)",2,-0.0,2
15,1062,"(0, 0, 0, 0, 0, 0, 0, 0, 0, 0, 0, 0)",0,-0.0,0
15,1063,"(0, 0, 0, 0, 0, 0, 0, 0, 0, 0, 0, 0)",0,-0.0,0
15,1064,"(0, 0, 0, 0, 0, 0, 0, 0, 0, 0, 0, 0)",0,-0.0,0
15,1065,"(0, 0, 0, 0, 0, 0, 0, 0, 0, 0, 0, 0)",0,-1.0,0
15,1066,"(0, 0, 0, 1, 0, 0, 0, 0, 0, 0, 0, 0)",2,-11.0,2
15,1067,"(0, 0, 0, 1, 0, 0, 0, 0, 0, 0, 0, 0)",2,-21.0,2
15,1068,"(0, 0, 0, 1, 0, 0, 0, 0, 0, 0, 0, 0)",2,-31.0,2
15,1069,"(0, 0, 0, 1, 0, 0, 0, 0, 0, 0, 0, 0)",2,-41.0,2
15,1070,"(0, 0, 0, 1, 0, 0, 0, 0, 0, 0, 0, 0)",2,-51.0,2
15,1071,"(0, 0, 0, 1, 0, 0, 0, 0, 0, 0, 0, 0)",2,-61.0,2
15,1072,"(0, 0, 0, 1, 0, 0, 0, 0, 0, 0, 0, 0)",2,-71.0,2
15,1073,"(0, 0, 0, 1, 0, 0, 0, 0, 0, 0, 0, 0)",2,-81.0,2
15,1074,"(0, 0, 0, 1, 0, 0, 0, 0, 0, 0, 0, 0)",2,-91.0,2
15,1075,"(0, 0, 0, 1, 0, 0, 0, 0, 0, 0, 0, 0)",2,-101.0,2
15,1076,"(0, 0, 0, 1, 0, 0, 0, 0, 0, 0, 0, 0)",2,-111.0,2
15,1077,"(0, 0, 0, 1, 0, 0, 0, 0, 0, 0, 0, 0)",2,-121.0,2
15,1078,"(0, 0, 0, 1, 0, 0, 0, 0, 0, 0, 0, 0)",2,-131.0,2
15,1079,"(0, 0, 0, 1, 0, 0, 0, 0, 0, 0, 0, 0)",2,-141.0,2
15,1080,"(0, 0, 0, 1, 0, 0, 0, 0, 0, 0, 0, 0)",2,-151.0,2
15,1081,"(0, 0, 0, 1, 0, 0, 0, 0, 0, 0, 0, 0)",2,-161.0,2
15,1082,"(0, 0, 0, 1, 0, 0, 0, 0, 0, 0, 0, 0)",2,-171.0,2
15,1083,"(0, 0, 0, 1, 0, 0, 0, 0, 0, 0, 0, 0)",0,-181.0,0
15,1084,"(0, 0, 0, 1, 0, 0, 0, 0, 0, 0, 0, 0)",2,-191.0,2
15,1085,"(0, 0, 0, 1, 0, 0, 0, 0, 0, 0, 0, 0)",2,-201.0,2
15,1086,"(0, 0, 0, 1, 0, 0, 0, 0, 0, 0, 0, 0)",2,-211.0,2
15,1087,"(0, 0, 0, 1, 0, 0, 0, 0, 0, 0, 0, 0)",2,-221.0,2
15,1088,"(0, 0, 0, 1, 0, 0, 0, 0, 0, 0, 0, 0)",2,-231.0,2
15,1089,"(0, 0, 0, 1, 0, 0, 0, 0, 0, 0, 0, 0)",2,-241.0,2
15,1090,"(0, 0, 0, 1, 0, 0, 0, 0, 0, 0, 0, 0)",2,-251.0,2
15,1091,"(0, 0, 0, 1, 0, 0, 0, 0, 0, 0, 0, 0)",2,-261.0,2
15,1092,"(0, 0, 0, 1, 0, 0, 0, 0, 0, 0, 0, 0)",2,-271.0,2
15,1093,"(0, 0, 0, 1, 0, 0, 0, 0, 0, 0, 0, 0)",2,-281.0,2
15,1094,"(0, 0, 0, 1, 0, 0, 0, 0, 0, 0, 0, 0)",2,-291.0,2
15,1095,"(0, 0, 0, 1, 0, 0, 0, 0, 0, 0, 0, 0)",2,-0.0,2
15,1096,"(0, 0, 0, 0, 0, 0, 0, 0, 0, 0, 0, 1)",2,-0.0,2
15,1097,"(0, 0, 0, 0, 0, 0, 0, 0, 0, 0, 0, 0)",2,-0.0,2
15,1098,"(0, 0, 0, 0, 0, 0, 0, 0, 0, 0, 0, 0)",2,-0.0,2
15,1099,"(0, 0, 0, 0, 0, 0, 0, 0, 0, 0, 0, 0)",0,-0.0,0
15,1100,"(0, 0, 0, 0, 0, 0, 0, 0, 0, 0, 0, 0)",2,-0.0,2
15,1101,"(0, 0, 0, 0, 0, 0, 0, 0, 0, 0, 0, 0)",2,-0.0,2
15,1102,"(0, 0, 0, 0, 0, 0, 0, 0, 0, 0, 0, 0)",2,-0.0,2
15,1103,"(0, 0, 0, 0, 0, 0, 0, 0, 0, 0, 0, 0)",2,-0.0,2
15,1104,"(0, 0, 0, 0, 0, 0, 0, 0, 0, 0, 0, 0)",2,-0.0,2
15,1105,"(0, 0, 0, 0, 0, 0, 0, 0, 0, 0, 0, 0)",2,-0.0,2
15,1106,"(0, 0, 0, 0, 0, 0, 0, 0, 0, 0, 0, 0)",2,-0.0,2
15,1107,"(0, 0, 0, 0, 0, 0, 0, 0, 0, 0, 0, 0)",2,-0.0,2
15,1108,"(0, 0, 0, 0, 0, 0, 0, 0, 0, 0, 0, 0)",2,-0.0,2
15,1109,"(0, 0, 0, 0, 0, 0, 0, 0, 0, 0, 0, 0)",2,-0.0,2
15,1110,"(0, 0, 0, 0, 0, 0, 0, 0, 0, 0, 0, 0)",2,-0.0,2
15,1111,"(0, 0, 0, 0, 0, 0, 0, 0, 0, 0, 0, 0)",2,-0.0,2
15,1112,"(0, 0, 0, 0, 0, 0, 0, 0, 0, 0, 0, 0)",2,-0.0,2
15,1113,"(0, 0, 0, 0, 0, 0, 0, 0, 0, 0, 0, 0)",2,-0.0,2
15,1114,"(0, 0, 0, 0, 0, 0, 0, 0, 0, 0, 0, 0)",2,-0.0,2
15,1115,"(0, 0, 0, 0, 0, 0, 0, 0, 0, 0, 0, 0)",2,-0.0,2
15,1116,"(0, 0, 0, 0, 0, 0, 0, 0, 0, 0, 0, 0)",2,-0.0,2
15,1117,"(0, 0, 0, 0, 0, 0, 0, 0, 0, 0, 0, 0)",2,-0.0,2
15,1118,"(0, 0, 0, 0, 0, 0, 0, 0, 0, 0, 0, 0)",2,-0.0,2
15,1119,"(0, 0, 0, 0, 0, 0, 0, 0, 0, 0, 0, 0)",2,-0.0,2
15,1120,"(0, 0, 0, 0, 0, 0, 0, 0, 0, 0, 0, 0)",2,-0.0,2
15,1121,"(0, 0, 0, 0, 0, 0, 0, 0, 0, 0, 0, 0)",2,-0.0,2
15,1122,"(0, 0, 0, 0, 0, 0, 0, 0, 0, 0, 0, 0)",2,-0.0,2
15,1123,"(0, 0, 0, 0, 0, 0, 0, 0, 0, 0, 0, 0)",2,-0.0,2
15,1124,"(0, 0, 0, 0, 0, 0, 0, 0, 0, 0, 0, 0)",2,-0.0,2
15,1125,"(0, 0, 0, 0, 0, 0, 0, 0, 0, 0, 0, 0)",2,-0.0,2
15,1126,"(0, 0, 0, 0, 0, 0, 0, 0, 0, 0, 0, 0)",2,-4.0,2
15,1127,"(0, 0, 0, 1, 0, 0, 0, 0, 0, 0, 0, 0)",2,-14.0,2
15,1128,"(0, 0, 0, 1, 0, 0, 0, 0, 0, 0, 0, 0)",2,-24.0,2
15,1129,"(0, 0, 0, 1, 0, 0, 0, 0, 0, 0, 0, 0)",2,-34.0,2
15,1130,"(0, 0, 0, 1, 0, 0, 0, 0, 0, 0, 0, 0)",2,-44.0,2
15,1131,"(0, 0, 0, 1, 0, 0, 0, 0, 0, 0, 0, 0)",2,-54.0,2
15,1132,"(0, 0, 0, 1, 0, 0, 0, 0, 0, 0, 0, 0)",2,-64.0,2
15,1133,"(0, 0, 0, 1, 0, 0, 0, 0, 0, 0, 0, 0)",2,-74.0,2
15,1134,"(0, 0, 0, 1, 0, 0, 0, 0, 0, 0, 0, 0)",2,-84.0,2
15,1135,"(0, 0, 0, 1, 0, 0, 0, 0, 0, 0, 0, 0)",2,-94.0,2
15,1136,"(0, 0, 0, 1, 0, 0, 0, 0, 0, 0, 0, 0)",2,-104.0,2
15,1137,"(0, 0, 0, 1, 0, 0, 0, 0, 0, 0, 0, 0)",2,-114.0,2
15,1138,"(0, 0, 0, 1, 0, 0, 0, 0, 0, 0, 0, 0)",2,-124.0,2
15,1139,"(0, 0, 0, 1, 0, 0, 0, 0, 0, 0, 0, 0)",2,-134.0,2
15,1140,"(0, 0, 0, 1, 0, 0, 0, 0, 0, 0, 0, 0)",2,-144.0,2
15,1141,"(0, 0, 0, 1, 0, 0, 0, 0, 0, 0, 0, 0)",2,-154.0,2
15,1142,"(0, 0, 0, 1, 0, 0, 0, 0, 0, 0, 0, 0)",2,-164.0,2
15,1143,"(0, 0, 0, 1, 0, 0, 0, 0, 0, 0, 0, 0)",2,-174.0,2
15,1144,"(0, 0, 0, 1, 0, 0, 0, 0, 0, 0, 0, 0)",2,-184.0,2
15,1145,"(0, 0, 0, 1, 0, 0, 0, 0, 0, 0, 0, 0)",2,-194.0,2
15,1146,"(0, 0, 0, 1, 0, 0, 0, 0, 0, 0, 0, 0)",2,-204.0,2
15,1147,"(0, 0, 0, 1, 0, 0, 0, 0, 0, 0, 0, 0)",2,-214.0,2
15,1148,"(0, 0, 0, 1, 0, 0, 0, 0, 0, 0, 0, 0)",2,-224.0,2
15,1149,"(0, 0, 0, 1, 0, 0, 0, 0, 0, 0, 0, 0)",2,-234.0,2
15,1150,"(0, 0, 0, 1, 0, 0, 0, 0, 0, 0, 0, 0)",2,-244.0,2
15,1151,"(0, 0, 0, 1, 0, 0, 0, 0, 0, 0, 0, 0)",2,-254.0,2
15,1152,"(0, 0, 0, 1, 0, 0, 0, 0, 0, 0, 0, 0)",2,-264.0,2
15,1153,"(0, 0, 0, 1, 0, 0, 0, 0, 0, 0, 0, 0)",2,-274.0,2
15,1154,"(0, 0, 0, 1, 0, 0, 0, 0, 0, 0, 0, 0)",2,-284.0,2
15,1155,"(0, 0, 0, 1, 0, 0, 0, 0, 0, 0, 0, 0)",2,-294.0,2
15,1156,"(0, 0, 0, 1, 0, 0, 0, 0, 0, 0, 0, 0)",0,-0.0,0
15,1157,"(0, 0, 0, 0, 0, 0, 0, 0, 0, 0, 0, 0)",0,-0.0,0
